username,influence_score,influence_percentile,tier,tier_label,community_id,in_degree,out_degree,pagerank
sindonews,0.6376739366067635,100.0,1,Mega Influencer,14,78,0,0.03786890588382687
bitorexpost,0.4701466793882426,99.90215264187867,1,Mega Influencer,11,38,0,0.01891907403069635
otoproject,0.2853484508300052,99.80430528375733,1,Mega Influencer,18,38,0,0.018893491554707546
prabowo,0.27570012040706804,99.706457925636,1,Mega Influencer,1,7,0,0.0015370803673297848
investordailyid,0.2722574052680135,99.60861056751467,1,Mega Influencer,39,19,0,0.009309042810067607
tututata151,0.23479951631738605,99.51076320939335,1,Mega Influencer,55,0,5,0.0005734370924599407
merchandise_original_persib,0.2260602857753207,99.412915851272,1,Mega Influencer,55,0,11,0.0005734370924599407
indo.flashid,0.21792127506775963,99.31506849315068,1,Mega Influencer,55,4,0,0.0016983507860252193
metrotv,0.21705933860593185,99.21722113502935,1,Mega Influencer,8,31,0,0.015672058643397876
luarbioskop,0.20004693206548133,99.11937377690802,1,Mega Influencer,37,29,0,0.014406878815529498
indovibing.id,0.19626280381827077,99.02152641878669,1,Mega Influencer,55,7,0,0.0033578257017913703
koranbaliexpress,0.16413889827410003,98.92367906066536,2,Macro Influencer,5,24,0,0.012262692486734474
kompascom,0.14440330365088722,98.82583170254404,2,Macro Influencer,33,21,0,0.010801535562450157
rambeomar,0.13880399757315132,98.72798434442271,2,Macro Influencer,55,0,2,0.0005734370924599407
sukabumiupdatecom,0.1321022157561198,98.63013698630137,2,Macro Influencer,17,19,0,0.009827430946260613
suaradotcom,0.12502581033317767,98.53228962818004,2,Macro Influencer,22,10,0,0.005210399905300943
moltensalt.insight,0.12440370971262639,98.43444227005871,2,Macro Influencer,47,18,0,0.00934037863816584
katadatacoid,0.12257456320636193,98.33659491193738,2,Macro Influencer,13,17,0,0.009105432339309083
webekspor,0.11998948884343497,98.23874755381604,2,Macro Influencer,39,10,0,0.0051958026253416
officialinewstv,0.11856389801483706,98.14090019569471,2,Macro Influencer,55,10,0,0.005050674756887321
manofourtimeid,0.11638598635019128,98.04305283757338,2,Macro Influencer,56,10,0,0.0054029534675566395
warta.dotcom,0.11556294448044448,97.94520547945206,2,Macro Influencer,1,10,0,0.005300634356922733
laporan8.id,0.11454944049961485,97.84735812133071,2,Macro Influencer,55,10,0,0.005141292203753413
daripresiden,0.10566882923861533,97.74951076320939,2,Macro Influencer,7,10,0,0.00531668111586198
feedcollective.co,0.10070050442331592,97.65166340508806,2,Macro Influencer,44,15,0,0.007879221713881524
bloombergtechnoz,0.09505393657657606,97.55381604696673,2,Macro Influencer,3,14,0,0.007392169405786751
timesindonesia,0.09461778894298102,97.4559686888454,2,Macro Influencer,0,14,0,0.0072298186364218265
bahlillahadalia,0.07906804166409391,97.35812133072407,2,Macro Influencer,1,3,0,0.0010038027744860754
cerah_indonesiaku,0.07597642129134374,97.26027397260275,2,Macro Influencer,94,10,0,0.005312080157723878
friedo.hekya,0.07529820438613653,97.16242661448142,2,Macro Influencer,1,0,5,0.0005734370924599407
astrobike.katalog,0.07378090006842739,97.06457925636008,2,Macro Influencer,83,11,0,0.0059310124815024345
aan101425,0.06737656820852791,96.96673189823875,2,Macro Influencer,7,0,3,0.0005734370924599407
trendjktcom,0.06705547214036188,96.86888454011742,2,Macro Influencer,91,10,0,0.005443960173407663
genbanteng,0.06705099897970528,96.72211350293543,2,Macro Influencer,54,10,0,0.005443960173407663
anaktambang,0.06705099897970528,96.72211350293543,2,Macro Influencer,95,10,0,0.005443960173407663
tuturmediadigital,0.0666789811184312,96.57534246575342,2,Macro Influencer,116,10,0,0.005443960173407663
infobanyuwangi,0.06667898111843118,96.4774951076321,2,Macro Influencer,115,10,0,0.005443960173407663
tumbuhkaya.id,0.06630696325715711,96.37964774951077,2,Macro Influencer,108,10,0,0.005443960173407662
banten.feeds,0.0663069632571571,96.28180039138942,2,Macro Influencer,73,10,0,0.005443960173407662
tommybr_jipro,0.06597290720080849,96.1839530332681,2,Macro Influencer,25,10,0,0.005386613089397493
infobandaacehs,0.06593494539588302,96.08610567514677,2,Macro Influencer,15,10,0,0.005443960173407663
katakitaig,0.0656637394465053,95.98825831702544,2,Macro Influencer,52,10,0,0.005394519186188404
genergibersih,0.060958398238580166,95.8904109589041,2,Macro Influencer,65,10,2,0.004861049800588153
rikasavvyy,0.06065178043433787,95.79256360078277,2,Macro Influencer,118,9,0,0.00495690786531289
caapciipcuupp,0.060594759635268294,95.69471624266144,2,Macro Influencer,22,0,2,0.0005734370924599407
theglobeconomy,0.060325074033789,95.59686888454011,2,Macro Influencer,46,9,0,0.00495690786531289
zonaebt,0.060219066575257475,95.49902152641879,2,Macro Influencer,59,8,0,0.00414515401848827
radiopatria,0.05999372879996662,95.40117416829746,2,Macro Influencer,109,9,0,0.00495690786531289
kapitalismarket,0.05986578749177258,95.30332681017613,2,Macro Influencer,19,7,0,0.0037392770950759597
raden_maszamroni,0.057405561759727865,95.15655577299414,2,Macro Influencer,39,0,2,0.0005734370924599407
lucky6276600,0.057405561759727865,95.15655577299414,2,Macro Influencer,56,0,2,0.0005734370924599407
wartaekonomi,0.04691317787719159,95.00978473581213,2,Macro Influencer,59,5,0,0.002257826324621028
jabarekspres,0.04661328380602283,94.9119373776908,3,Mid Influencer,16,7,0,0.003982803249123346
astakomunikasi,0.04651641807138659,94.81409001956948,3,Mid Influencer,7,5,0,0.002614461806652974
arkaproject.idn,0.045869248083474666,94.71624266144813,3,Mid Influencer,29,7,0,0.003982803249123346
350id,0.042451371503164526,94.6183953033268,3,Mid Influencer,1,0,3,0.0005734370924599407
plnip.ubpadipala,0.039719698171792446,94.52054794520548,3,Mid Influencer,75,6,0,0.003495750941028574
satukanjiwa2024,0.03909842585837548,94.42270058708415,3,Mid Influencer,63,6,0,0.003495750941028574
cryfex.id,0.03804100591136347,94.32485322896281,3,Mid Influencer,34,6,0,0.0033334001716636497
cerita.rame,0.03715208434233471,94.22700587084148,3,Mid Influencer,1,0,3,0.0005734370924599407
riyan.nurrahman,0.03658627171347779,94.12915851272015,3,Mid Influencer,65,6,0,0.0030730130940492257
ronnypunya,0.03652119985359346,94.03131115459882,3,Mid Influencer,11,0,1,0.0005734370924599407
bi_lang_,0.034065405584094516,93.9334637964775,3,Mid Influencer,11,0,1,0.0005734370924599407
solehchemist,0.03307213637367518,93.83561643835617,3,Mid Influencer,78,5,0,0.0030086986329338015
updatenusantaracom,0.03172478934706858,93.73776908023484,3,Mid Influencer,40,5,0,0.0028463478635688774
akademi.antikorupsi,0.03146643343949934,93.63992172211351,3,Mid Influencer,53,5,0,0.002767888228153801
djebtke,0.03092691332652618,93.54207436399217,3,Mid Influencer,59,4,0,0.0022781201707916428
madiuntoday.id,0.02750883517470368,93.44422700587084,3,Mid Influencer,18,4,0,0.0021426898960795224
ron_stry,0.0272642915746273,93.34637964774952,3,Mid Influencer,11,0,1,0.0005734370924599407
ujangaripp,0.027048563063759204,93.24853228962819,3,Mid Influencer,11,0,1,0.0005734370924599407
freedome4palestine,0.026432675150708865,93.15068493150685,3,Mid Influencer,11,0,1,0.0005734370924599407
greenpowergrouptbk,0.026424574575557906,93.05283757338552,3,Mid Influencer,51,4,0,0.002521646324839029
depokhariini,0.02617606565019112,92.85714285714286,3,Mid Influencer,80,4,0,0.002521646324839029
komnas.ham,0.02617606565019112,92.85714285714286,3,Mid Influencer,67,4,0,0.002521646324839029
vibesnewssociety,0.02617606565019112,92.85714285714286,3,Mid Influencer,111,4,0,0.002521646324839029
policy.pop,0.026051811187507726,92.56360078277886,3,Mid Influencer,26,4,0,0.002521646324839029
murianewscom,0.026051811187507726,92.56360078277886,3,Mid Influencer,2,4,0,0.002521646324839029
heraldsulselbar,0.026051811187507726,92.56360078277886,3,Mid Influencer,64,4,0,0.002521646324839029
enternusantara,0.026051562678582364,92.31898238747553,3,Mid Influencer,66,4,0,0.002521646324839029
tantriianita,0.026051562678582364,92.31898238747553,3,Mid Influencer,36,4,0,0.002521646324839029
cekberitanya,0.025927556724824337,92.17221135029354,3,Mid Influencer,98,4,0,0.002521646324839029
alif.m.ismail,0.02585109097416139,92.07436399217221,3,Mid Influencer,65,3,0,0.0027923644344072735
lifeatgenb,0.025156254095393796,91.97651663405088,3,Mid Influencer,99,4,1,0.002425759345119267
uncle.dionsu,0.025155747706123884,91.87866927592955,3,Mid Influencer,11,0,1,0.0005734370924599407
kata2_tak_tertulis,0.024919821106376486,91.78082191780823,3,Mid Influencer,11,0,1,0.0005734370924599407
pln.epi,0.024795392790934623,91.6829745596869,3,Mid Influencer,59,3,0,0.0014663663239670231
gahars_official,0.024722236036270672,91.58512720156556,3,Mid Influencer,11,0,1,0.0005734370924599407
aura_deluna_,0.02210133531020148,91.48727984344423,3,Mid Influencer,11,0,1,0.0005734370924599407
aulia.rahmawati84,0.020915670867187215,91.3894324853229,3,Mid Influencer,94,0,8,0.0005734370924599407
emanwahidinj,0.019813294437924827,91.29158512720157,3,Mid Influencer,11,0,1,0.0005734370924599407
wiranataasworodarsana,0.019689165592097095,91.19373776908023,3,Mid Influencer,11,0,1,0.0005734370924599407
aqielr15,0.019611340160529452,91.04696673189824,3,Mid Influencer,62,3,0,0.0020345940167442573
simakpolitik,0.019611340160529452,91.04696673189824,3,Mid Influencer,112,3,0,0.0020345940167442573
satupersenofficial,0.01961100881529563,90.90019569471625,3,Mid Influencer,87,3,0,0.0020345940167442573
apaajapku,0.01944566754361826,90.70450097847358,3,Mid Influencer,43,3,0,0.0020345940167442573
jabodetabek24info,0.01944566754361826,90.70450097847358,3,Mid Influencer,81,3,0,0.0020345940167442573
sorot_tanah_air,0.01944566754361826,90.70450097847358,3,Mid Influencer,23,3,0,0.0020345940167442573
pertamina,0.01926987335844944,90.50880626223092,3,Mid Influencer,94,2,0,0.0007661986466555722
cfdhack,0.019262258150413526,90.41095890410958,3,Mid Influencer,59,0,3,0.0005734370924599407
elvina.tjhan,0.01916404958669641,90.31311154598825,3,Mid Influencer,11,0,1,0.0005734370924599407
genergiberish,0.01916089958032082,90.21526418786692,3,Mid Influencer,99,1,0,0.002636721564970079
puspenpol,0.017955850503562076,90.1174168297456,3,Mid Influencer,55,2,0,0.001130123093247985
didinsahruddinfirdausy,0.01748483947988181,90.01956947162427,3,Mid Influencer,19,0,2,0.0005734370924599407
robi_scorpion,0.017327646504216754,89.92172211350294,3,Mid Influencer,11,0,1,0.0005734370924599407
priambodopongky,0.016235861947966435,89.82387475538161,3,Mid Influencer,11,0,1,0.0005734370924599407
harian.disway,0.016213135111681116,89.72602739726028,3,Mid Influencer,14,2,0,0.001304015554602099
harryseagal4,0.015880957590714503,89.62818003913894,3,Mid Influencer,11,0,1,0.0005734370924599407
dpr_ri,0.013605455779651988,89.53033268101761,3,Mid Influencer,55,2,0,0.0006798920722632827
maru_0392,0.013143344998407476,89.43248532289628,3,Mid Influencer,11,0,1,0.0005734370924599407
satya.bumi,0.013094578926274213,89.33463796477496,3,Mid Influencer,88,2,0,0.0015226927342227882
kabarciledug,0.013046614670867783,89.23679060665361,3,Mid Influencer,121,2,0,0.0015475417086494852
tribunnews,0.013046614670867781,89.13894324853229,3,Mid Influencer,24,2,0,0.0015475417086494852
syamsiro,0.01304661467086778,89.04109589041096,3,Mid Influencer,71,2,0,0.0015475417086494852
anggadrumaholic,0.013046614670867778,88.94324853228963,3,Mid Influencer,79,2,0,0.0015475417086494852
ariusama20,0.01304644899825087,88.6986301369863,3,Mid Influencer,27,2,0,0.0015475417086494852
kabartanpadelay,0.01304644899825087,88.6986301369863,3,Mid Influencer,102,2,0,0.0015475417086494852
jakarta_headlines,0.01304644899825087,88.6986301369863,3,Mid Influencer,120,2,0,0.0015475417086494852
naturevolution.id,0.01304644899825087,88.6986301369863,3,Mid Influencer,96,2,0,0.0015475417086494852
rimbasatwa.id,0.013005196516639986,88.45401174168298,3,Mid Influencer,74,2,0,0.0015475417086494852
yuliawati.792,0.013005196516639984,88.35616438356165,3,Mid Influencer,57,2,0,0.0015475417086494852
otospector,0.012963778362412186,88.16046966731899,3,Mid Influencer,31,2,0,0.0015475417086494852
ahdahmaulana,0.012963778362412186,88.16046966731899,3,Mid Influencer,92,2,0,0.0015475417086494852
mkiofficial_,0.012963778362412186,88.16046966731899,3,Mid Influencer,69,2,0,0.0015475417086494852
taufiklexo8389,0.012607271965399422,87.96477495107632,3,Mid Influencer,94,0,2,0.0005734370924599407
pln_enjiniring,0.012457851408896615,87.866927592955,3,Mid Influencer,105,2,0,0.0014795070302752995
autotivo,0.01241632431274337,87.76908023483367,3,Mid Influencer,18,2,0,0.001140326766573179
urs4major_,0.012333359782267262,87.67123287671232,3,Mid Influencer,11,0,1,0.0005734370924599407
vivacoid,0.01228945916930568,87.573385518591,3,Mid Influencer,14,2,0,0.0012680483324851884
katadatagreen,0.01151229052730639,87.47553816046967,3,Mid Influencer,88,1,2,0.0016601148466975444
alamsah_48,0.010803066839219812,87.37769080234834,3,Mid Influencer,11,0,1,0.0005734370924599407
kesdm,0.009077494184726096,87.279843444227,3,Mid Influencer,94,2,0,0.0007560817079954802
denantaaaaa,0.009023016437778239,87.18199608610567,3,Mid Influencer,11,0,1,0.0005734370924599407
roynurm,0.00881384514689779,87.08414872798434,3,Mid Influencer,11,0,1,0.0005734370924599407
stempel_stampo,0.008763087398900592,86.98630136986301,3,Mid Influencer,59,0,2,0.0005734370924599407
farelmaliq944,0.008325048999787404,86.88845401174167,3,Mid Influencer,22,0,2,0.0005734370924599407
romoraedwards,0.00824090051028159,86.79060665362034,3,Mid Influencer,88,1,1,0.001279166580175402
zinprimadew,0.008234689642195453,86.69275929549902,3,Mid Influencer,11,0,1,0.0005734370924599407
starleo164,0.008086379613612289,86.59491193737769,3,Mid Influencer,11,0,1,0.0005734370924599407
giz_idasean,0.007061743340395281,86.49706457925636,3,Mid Influencer,13,1,1,0.0010604894005547128
anneemih,0.006756970148576904,86.39921722113503,3,Mid Influencer,11,0,1,0.0005734370924599407
samaranantonio,0.006737656820852824,86.3013698630137,3,Mid Influencer,14,0,2,0.0005734370924599407
ugint808,0.00666832283067549,86.20352250489238,3,Mid Influencer,14,0,2,0.0005734370924599407
distanparikpml,0.006481889181206112,86.10567514677103,3,Mid Influencer,76,1,0,0.0010604894005547128
hanzizar,0.006481889181206111,84.1976516634051,3,Mid Influencer,41,1,0,0.0010604894005547128
ratihandriyani,0.006481889181206111,84.1976516634051,3,Mid Influencer,77,1,0,0.0010604894005547128
icmofficial,0.006481889181206111,84.1976516634051,3,Mid Influencer,10,1,0,0.0010604894005547128
sagoetv,0.006481889181206111,84.1976516634051,3,Mid Influencer,12,1,0,0.0010604894005547128
indomine_id,0.006481889181206111,84.1976516634051,3,Mid Influencer,97,1,0,0.0010604894005547128
strum_id,0.006481889181206111,84.1976516634051,3,Mid Influencer,101,1,0,0.0010604894005547128
republikbekasiofficial,0.006481889181206111,84.1976516634051,3,Mid Influencer,100,1,0,0.0010604894005547128
aktualforum,0.006481889181206111,84.1976516634051,3,Mid Influencer,58,1,0,0.0010604894005547128
sorotan,0.006481889181206111,84.1976516634051,3,Mid Influencer,93,1,0,0.0010604894005547128
growminingcorpindonesia,0.006481889181206111,84.1976516634051,3,Mid Influencer,4,1,0,0.0010604894005547128
beldocuanfreeforum,0.006481889181206111,84.1976516634051,3,Mid Influencer,32,1,0,0.0010604894005547128
matanajwa,0.006481889181206111,84.1976516634051,3,Mid Influencer,68,1,0,0.0010604894005547128
ruteberkeadilan.jabar,0.006481889181206111,84.1976516634051,3,Mid Influencer,21,1,0,0.0010604894005547128
porosrakjat,0.006481889181206111,84.1976516634051,3,Mid Influencer,117,1,0,0.0010604894005547128
agussupriyantobq7,0.006481889181206111,84.1976516634051,3,Mid Influencer,114,1,0,0.0010604894005547128
rujakpolitik,0.006481889181206111,84.1976516634051,3,Mid Influencer,104,1,0,0.0010604894005547128
dewanenergi,0.006481889181206111,84.1976516634051,3,Mid Influencer,110,1,0,0.0010604894005547128
jak101fm,0.006481889181206111,84.1976516634051,3,Mid Influencer,35,1,0,0.0010604894005547128
nkri24jam,0.006481889181206111,84.1976516634051,3,Mid Influencer,6,1,0,0.0010604894005547128
lbsurundana,0.006481889181206111,84.1976516634051,3,Mid Influencer,119,1,0,0.0010604894005547128
cravinginformation,0.006481889181206111,84.1976516634051,3,Mid Influencer,106,1,0,0.0010604894005547128
official_nasdem,0.006481889181206111,84.1976516634051,3,Mid Influencer,107,1,0,0.0010604894005547128
mhdcclinic,0.006481889181206111,84.1976516634051,3,Mid Influencer,103,1,0,0.0010604894005547128
ikiloguntor,0.006481889181206111,84.1976516634051,3,Mid Influencer,28,1,0,0.0010604894005547128
esdm_ri,0.006481889181206111,84.1976516634051,3,Mid Influencer,42,1,0,0.0010604894005547128
funderstand.id,0.006481889181206111,84.1976516634051,3,Mid Influencer,30,1,0,0.0010604894005547128
energianusantara,0.006481889181206111,84.1976516634051,3,Mid Influencer,60,1,0,0.0010604894005547128
pestamedia,0.006481889181206111,84.1976516634051,3,Mid Influencer,72,1,0,0.0010604894005547128
sawanganupdate,0.006481889181206111,84.1976516634051,3,Mid Influencer,86,1,0,0.0010604894005547128
agam.munawar,0.006481889181206111,84.1976516634051,3,Mid Influencer,61,1,0,0.0010604894005547128
borobudur_news,0.006481889181206111,84.1976516634051,3,Mid Influencer,70,1,0,0.0010604894005547128
warga.jakbar,0.006481889181206111,84.1976516634051,3,Mid Influencer,84,1,0,0.0010604894005547128
jakbarviral,0.006481889181206111,84.1976516634051,3,Mid Influencer,90,1,0,0.0010604894005547128
joeliardisunendar,0.006481889181206111,84.1976516634051,3,Mid Influencer,82,1,0,0.0010604894005547128
officialnusantaratv,0.006481889181206111,84.1976516634051,3,Mid Influencer,49,1,0,0.0010604894005547128
mr.opini,0.006481889181206111,84.1976516634051,3,Mid Influencer,48,1,0,0.0010604894005547128
cakinvestmentclub,0.006481889181206111,84.1976516634051,3,Mid Influencer,20,1,0,0.0010604894005547128
beritasatu,0.006481889181206111,84.1976516634051,3,Mid Influencer,45,1,0,0.0010604894005547128
depokseru,0.00648188918120611,82.24070450097848,3,Mid Influencer,85,1,0,0.0010604894005547128
danurenjaya,0.00648188918120611,82.24070450097848,3,Mid Influencer,38,1,0,0.0010604894005547128
rzky80465,0.006146095531620081,82.04500978473581,3,Mid Influencer,11,0,1,0.0005734370924599407
indra_aetiawan,0.006146095531620081,82.04500978473581,3,Mid Influencer,11,0,1,0.0005734370924599407
meka007,0.00530152374115831,81.89823874755382,3,Mid Influencer,18,0,2,0.0005734370924599407
wily_setia30,0.0052459953328583536,81.80039138943248,3,Mid Influencer,11,0,2,0.0005734370924599407
dsfrozenfood,0.005101798476332395,81.70254403131115,3,Mid Influencer,11,0,1,0.0005734370924599407
ukmpenelitianuny,0.0045229958726379195,81.36007827788649,3,Mid Influencer,50,1,0,0.0008169632465073269
yayasankehati,0.0045229958726379195,81.36007827788649,3,Mid Influencer,88,1,0,0.0008169632465073269
komparasinews.id,0.0045229958726379195,81.36007827788649,3,Mid Influencer,94,1,0,0.0008169632465073269
unysef_official,0.0045229958726379195,81.36007827788649,3,Mid Influencer,50,1,0,0.0008169632465073269
enviroxiland2026,0.0045229958726379195,81.36007827788649,3,Mid Influencer,9,1,0,0.0008169632465073269
hmtl.undip,0.0045229958726379195,81.36007827788649,3,Mid Influencer,9,1,0,0.0008169632465073269
djihad_08,0.004057501421044708,80.87084148727985,3,Mid Influencer,11,0,1,0.0005734370924599407
arkho91,0.004057501421044708,80.87084148727985,3,Mid Influencer,11,0,1,0.0005734370924599407
namakuyuldi,0.004057501421044708,80.87084148727985,3,Mid Influencer,11,0,1,0.0005734370924599407
astor17027,0.004057501421044708,80.87084148727985,3,Mid Influencer,11,0,1,0.0005734370924599407
whitehouse,0.003960805160766086,80.62622309197651,3,Mid Influencer,11,1,0,0.0007357878618248648
pembuat_jejak25,0.0038700314364485218,80.33268101761253,3,Mid Influencer,89,1,0,0.0007357878618248648
asanddre,0.0038700314364485218,80.33268101761253,3,Mid Influencer,0,1,0,0.0007357878618248648
arroyyanmas,0.0038700314364485218,80.33268101761253,3,Mid Influencer,89,1,0,0.0007357878618248648
ppidunia,0.0038700314364485218,80.33268101761253,3,Mid Influencer,89,1,0,0.0007357878618248648
fraksigolkar,0.0038700314364485218,80.33268101761253,3,Mid Influencer,40,1,0,0.0007357878618248648
purbayayudhi.official,0.0038700314364485213,79.89236790606654,4,Micro Influencer,1,1,0,0.0007357878618248648
vzn_iqbal,0.0038700314364485213,79.89236790606654,4,Micro Influencer,34,1,0,0.0007357878618248648
haniffaisolnurofiq,0.0038700314364485213,79.89236790606654,4,Micro Influencer,1,1,0,0.0007357878618248648
menkeuri,0.0038700314364485213,79.89236790606654,4,Micro Influencer,13,1,0,0.0007357878618248648
bydlombok_,0.0036375079769022938,79.6477495107632,4,Micro Influencer,18,0,2,0.0005734370924599407
najwashihab,0.0035435492183538237,79.54990215264188,4,Micro Influencer,94,1,0,0.0006952001694836339
nanug.pratomo,0.0035435492183538233,79.30528375733856,4,Micro Influencer,113,1,0,0.0006952001694836339
visitelitisaksama,0.0035435492183538233,79.30528375733856,4,Micro Influencer,113,1,0,0.0006952001694836339
fao,0.0035435492183538233,79.30528375733856,4,Micro Influencer,113,1,0,0.0006952001694836339
devirhm5,0.0035435492183538233,79.30528375733856,4,Micro Influencer,113,1,0,0.0006952001694836339
genb.semarang,0.003335405193500269,79.06066536203522,4,Micro Influencer,99,1,0,0.000669324072179703
netanyahuar,0.0031494455292618686,78.8160469667319,4,Micro Influencer,37,1,0,0.0006462058953796497
yair_netanyahu,0.0031494455292618686,78.8160469667319,4,Micro Influencer,37,1,0,0.0006462058953796497
realdonaldtrump,0.0031494455292618686,78.8160469667319,4,Micro Influencer,37,1,0,0.0006462058953796497
potus,0.0031494455292618686,78.8160469667319,4,Micro Influencer,37,1,0,0.0006462058953796497
maullyaariifiin,0.0031414841618700464,78.57142857142857,4,Micro Influencer,37,0,5,0.0005734370924599407
aldyrahadian8,0.003111364835504639,78.47358121330724,4,Micro Influencer,105,1,0,0.0006414717708341261
gusmiftah,0.003063054616653981,78.37573385518591,4,Micro Influencer,22,1,0,0.0006354659298082627
energinewsid,0.0030538258912117754,78.08219178082192,4,Micro Influencer,94,1,0,0.0006343186309717873
voxnetizens,0.0030538258912117754,78.08219178082192,4,Micro Influencer,94,1,0,0.0006343186309717873
pertaminapatraniaga,0.0030538258912117754,78.08219178082192,4,Micro Influencer,94,1,0,0.0006343186309717873
pertamina.foundation,0.0030538258912117754,78.08219178082192,4,Micro Influencer,94,1,0,0.0006343186309717873
storyrakyat_,0.0030538258912117754,78.08219178082192,4,Micro Influencer,94,1,0,0.0006343186309717873
jusufkalla,0.0030253951902061284,77.78864970645792,4,Micro Influencer,25,1,0,0.000630784176470109
yatty70,0.0030147778529797708,77.44618395303327,4,Micro Influencer,53,1,1,0.0006294642478708078
zulhamka_julianto_kadir,0.0030147778529797708,77.44618395303327,4,Micro Influencer,53,1,0,0.0006294642478708078
sitie416,0.0030147778529797708,77.44618395303327,4,Micro Influencer,53,1,0,0.0006294642478708078
aden_achmad_me,0.0030147778529797708,77.44618395303327,4,Micro Influencer,53,1,0,0.0006294642478708078
mamet_yadi2808,0.0030147778529797708,77.44618395303327,4,Micro Influencer,53,1,0,0.0006294642478708078
bilic_indonesia,0.0030147778529797708,77.44618395303327,4,Micro Influencer,53,1,1,0.0006294642478708078
renedias.mg,0.003013204365757021,76.81017612524462,4,Micro Influencer,11,0,1,0.0005734370924599407
ipenkun,0.003013204365757021,76.81017612524462,4,Micro Influencer,11,0,1,0.0005734370924599407
andi_tenry_famory,0.003013204365757021,76.81017612524462,4,Micro Influencer,11,0,1,0.0005734370924599407
artur_chen_jerwmy,0.003013204365757021,76.81017612524462,4,Micro Influencer,11,0,1,0.0005734370924599407
evita.do,0.003013204365757021,76.81017612524462,4,Micro Influencer,11,0,1,0.0005734370924599407
amarilido11,0.003013204365757021,76.81017612524462,4,Micro Influencer,11,0,1,0.0005734370924599407
kevvphotographer,0.003013204365757021,76.81017612524462,4,Micro Influencer,11,0,1,0.0005734370924599407
purbayasadewa.official,0.0029617995564591598,76.4187866927593,4,Micro Influencer,52,1,0,0.0006228780796791994
grabid,0.002890584782164426,75.97847358121331,4,Micro Influencer,55,1,0,0.0006140247848011719
literasidigitalkomdigi,0.002890584782164426,75.97847358121331,4,Micro Influencer,55,1,0,0.0006140247848011719
djed.komdigi,0.002890584782164426,75.97847358121331,4,Micro Influencer,55,1,0,0.0006140247848011719
perekonomianri,0.002890584782164426,75.97847358121331,4,Micro Influencer,55,1,0,0.0006140247848011719
ketua_dprri,0.002890584782164426,75.97847358121331,4,Micro Influencer,55,1,0,0.0006140247848011719
kemenhub151,0.002890584782164426,75.97847358121331,4,Micro Influencer,55,1,0,0.0006140247848011719
gojekindonesia,0.002890584782164426,75.97847358121331,4,Micro Influencer,55,1,0,0.0006140247848011719
gibran_rakabuming,0.002890584782164426,75.97847358121331,4,Micro Influencer,55,1,0,0.0006140247848011719
tumgrd,0.00285232620883148,75.44031311154599,4,Micro Influencer,1,1,0,0.000609268546581173
rizky_irmansyah,0.00285232620883148,75.44031311154599,4,Micro Influencer,1,1,0,0.000609268546581173
gerindra,0.00285232620883148,75.44031311154599,4,Micro Influencer,1,1,0,0.000609268546581173
supermie.hobbies,0.0016534127167737256,75.24461839530333,4,Micro Influencer,94,0,3,0.0005734370924599407
ratna_aden,0.001570742080935041,75.14677103718199,4,Micro Influencer,53,0,7,0.0005734370924599407
chris.tobing,0.0007041086218725988,75.04892367906066,4,Micro Influencer,22,0,2,0.0005734370924599407
parvasani,0.0005798541591892053,74.95107632093934,4,Micro Influencer,13,0,2,0.0005734370924599407
cahayabintang4668,0.0005786944508708269,74.85322896281801,4,Micro Influencer,25,0,2,0.0005734370924599407
bp_sukendro,0.00037276338805021606,74.75538160469667,4,Micro Influencer,0,0,2,0.0005734370924599407
validnews,0.0002485089253668225,74.65753424657534,4,Micro Influencer,113,0,4,0.0005734370924599407
milisiliterasi,0.00020709077113902462,74.55968688845401,4,Micro Influencer,88,0,2,0.0005734370924599407
basyiriskandarsyah,0.00016534127167740437,74.412915851272,4,Micro Influencer,40,0,2,0.0005734370924599407
queenajjakarta,0.00016534127167740437,74.412915851272,4,Micro Influencer,52,0,2,0.0005734370924599407
bangleo.fx,8.283630845563104e-05,74.26614481409001,4,Micro Influencer,34,0,2,0.0005734370924599407
salsabillaurel,4.1418154227833184e-05,74.16829745596868,4,Micro Influencer,65,0,3,0.0005734370924599407
iaammaulana,4.133531791937759e-05,74.07045009784736,4,Micro Influencer,99,0,2,0.0005734370924599407
ardiansyahwantjiru,2.796950887189453e-16,73.97260273972603,4,Micro Influencer,18,0,1,0.0005734370924599407
andre_aryudhi,2.687397648420421e-16,73.8747553816047,4,Micro Influencer,18,0,1,0.0005734370924599407
d_besar10,2.4708873427320906e-16,73.77690802348337,4,Micro Influencer,18,0,1,0.0005734370924599407
iam_fauzi99,2.4639425122511866e-16,73.67906066536204,4,Micro Influencer,18,0,1,0.0005734370924599407
nico_perdana,2.0779643155973699e-16,73.5812133072407,4,Micro Influencer,18,0,1,0.0005734370924599407
jefry.wulingbatam,1.9649544993795268e-16,73.48336594911937,4,Micro Influencer,18,0,1,0.0005734370924599407
andana.satriya,1.8778445516966054e-16,73.38551859099805,4,Micro Influencer,18,0,1,0.0005734370924599407
om_ibas_,1.8377850277148934e-16,73.28767123287672,4,Micro Influencer,18,0,1,0.0005734370924599407
paulinajauhari,1.6802148537680527e-16,73.18982387475538,4,Micro Influencer,18,0,1,0.0005734370924599407
dheni.id,1.62967403356654e-16,73.09197651663405,4,Micro Influencer,18,0,1,0.0005734370924599407
wahyu_triyuliantoro,1.5891904020369094e-16,72.99412915851272,4,Micro Influencer,18,0,1,0.0005734370924599407
aryawanfajar,1.583600612653621e-16,72.89628180039139,4,Micro Influencer,18,0,1,0.0005734370924599407
frijal,1.576309797359725e-16,72.79843444227005,4,Micro Influencer,18,0,1,0.0005734370924599407
r1yus,1.5250027142470635e-16,72.70058708414872,4,Micro Influencer,18,0,1,0.0005734370924599407
akhirul_kong86,1.44200403866919e-16,72.6027397260274,4,Micro Influencer,18,0,1,0.0005734370924599407
ringgalmajiid,1.413571809170597e-16,72.50489236790607,4,Micro Influencer,18,0,1,0.0005734370924599407
edwarjuhandi,1.3864833669520755e-16,72.40704500978474,4,Micro Influencer,18,0,1,0.0005734370924599407
adhityadito,1.2521776082615406e-16,72.30919765166341,4,Micro Influencer,18,0,1,0.0005734370924599407
gerryonk,1.1322989518908028e-16,72.21135029354208,4,Micro Influencer,18,0,1,0.0005734370924599407
harry.adi_,1.1017437213406015e-16,72.11350293542075,4,Micro Influencer,18,0,1,0.0005734370924599407
bageur_akang,9.424725214831536e-17,72.01565557729941,4,Micro Influencer,18,0,1,0.0005734370924599407
doomypn,9.11917290932952e-17,71.91780821917808,4,Micro Influencer,18,0,1,0.0005734370924599407
stevejojonio,8.170040757291274e-17,71.81996086105676,4,Micro Influencer,18,0,1,0.0005734370924599407
suryadigunawan,7.776115322424173e-17,71.57534246575342,4,Micro Influencer,18,0,1,0.0005734370924599407
bayu_ap14,7.776115322424173e-17,71.57534246575342,4,Micro Influencer,18,0,1,0.0005734370924599407
robbi.farhan,7.776115322424173e-17,71.57534246575342,4,Micro Influencer,18,0,1,0.0005734370924599407
satria395,7.776115322424173e-17,71.57534246575342,4,Micro Influencer,18,0,1,0.0005734370924599407
andri_g.noviantoro,7.220908605253025e-17,71.23287671232876,4,Micro Influencer,18,0,1,0.0005734370924599407
danu.dsgr,7.220908605253025e-17,71.23287671232876,4,Micro Influencer,18,0,1,0.0005734370924599407
drambollfc,7.220908605253025e-17,71.23287671232876,4,Micro Influencer,18,0,1,0.0005734370924599407
itshnfrs,6.271776453214778e-17,70.79256360078277,4,Micro Influencer,18,0,1,0.0005734370924599407
althaf_fathan_argifta,6.271776453214778e-17,70.79256360078277,4,Micro Influencer,18,0,1,0.0005734370924599407
cheryjambi.thomas,6.271776453214778e-17,70.79256360078277,4,Micro Influencer,18,0,1,0.0005734370924599407
gus_slo,6.271776453214778e-17,70.79256360078277,4,Micro Influencer,18,0,1,0.0005734370924599407
aeh_thea_,6.271776453214778e-17,70.79256360078277,4,Micro Influencer,18,0,1,0.0005734370924599407
oktamobstervlog,6.271776453214778e-17,70.79256360078277,4,Micro Influencer,18,0,1,0.0005734370924599407
s0fyhud4,3.578610307740088e-17,70.40117416829746,4,Micro Influencer,18,0,1,0.0005734370924599407
mas_hyudha,3.578610307740088e-17,70.40117416829746,4,Micro Influencer,18,0,1,0.0005734370924599407
aagknilef,3.566912549894315e-17,70.25440313111547,4,Micro Influencer,18,0,1,0.0005734370924599407
rifqisyalim,3.56053962566624e-17,70.15655577299414,4,Micro Influencer,18,0,1,0.0005734370924599407
ricky6510,3.533159999230566e-17,70.0587084148728,4,Micro Influencer,5,0,1,0.0005734370924599407
yepeeaja,3.533159989412011e-17,69.96086105675147,4,Micro Influencer,5,0,1,0.0005734370924599407
dhannytama,3.5331599876481467e-17,69.86301369863014,4,Micro Influencer,5,0,1,0.0005734370924599407
om_sullllll,3.533159986516533e-17,69.76516634050881,4,Micro Influencer,5,0,1,0.0005734370924599407
hsbluhut,3.533159982508296e-17,69.66731898238747,4,Micro Influencer,5,0,1,0.0005734370924599407
dian_k.pratama,3.533159981412936e-17,69.56947162426614,4,Micro Influencer,5,0,1,0.0005734370924599407
abangjii,3.5331599808775976e-17,69.47162426614481,4,Micro Influencer,5,0,1,0.0005734370924599407
zildran27,3.533159979800916e-17,69.37377690802349,4,Micro Influencer,5,0,1,0.0005734370924599407
alief9196,3.533159975704516e-17,69.27592954990214,4,Micro Influencer,5,0,1,0.0005734370924599407
cut_dek_pink,3.5331599641708844e-17,69.17808219178082,4,Micro Influencer,5,0,1,0.0005734370924599407
dimas87936,3.5331599617241454e-17,69.08023483365949,4,Micro Influencer,5,0,1,0.0005734370924599407
fanboygarislucu,3.533159960900151e-17,68.88454011741683,4,Micro Influencer,5,0,1,0.0005734370924599407
satyrnus12,3.533159960900151e-17,68.88454011741683,4,Micro Influencer,5,0,1,0.0005734370924599407
yudhie_1984,3.533159960900151e-17,68.88454011741683,4,Micro Influencer,5,0,1,0.0005734370924599407
ade7131,3.533159959491523e-17,68.24853228962819,4,Micro Influencer,5,0,1,0.0005734370924599407
silverstone0017,3.533159959491523e-17,68.24853228962819,4,Micro Influencer,5,0,1,0.0005734370924599407
qv0x1i,3.533159959491523e-17,68.24853228962819,4,Micro Influencer,5,0,1,0.0005734370924599407
atstube2021,3.533159959491523e-17,68.24853228962819,4,Micro Influencer,5,0,1,0.0005734370924599407
khairudinyusuf8,3.533159959491523e-17,68.24853228962819,4,Micro Influencer,5,0,1,0.0005734370924599407
tio.pangaribuan,3.533159959491523e-17,68.24853228962819,4,Micro Influencer,5,0,1,0.0005734370924599407
hajiacac,3.533159959491523e-17,68.24853228962819,4,Micro Influencer,5,0,1,0.0005734370924599407
idnpolicy,3.533159959491523e-17,68.24853228962819,4,Micro Influencer,5,0,1,0.0005734370924599407
rapinoaja,3.533159959491523e-17,68.24853228962819,4,Micro Influencer,5,0,1,0.0005734370924599407
h3ll3ir3,3.533159959491523e-17,68.24853228962819,4,Micro Influencer,5,0,1,0.0005734370924599407
aadhigunawans,3.533159955427092e-17,67.66144814090019,4,Micro Influencer,14,0,1,0.0005734370924599407
fitrianto971,3.533159955427092e-17,67.66144814090019,4,Micro Influencer,14,0,1,0.0005734370924599407
passeljemmy,3.533159955427091e-17,67.5146771037182,4,Micro Influencer,14,0,1,0.0005734370924599407
suny1752,3.53315995542709e-17,67.41682974559687,4,Micro Influencer,14,0,1,0.0005734370924599407
tiar_19,3.533159955427089e-17,67.2211350293542,4,Micro Influencer,14,0,1,0.0005734370924599407
dion_siagian,3.533159955427089e-17,67.2211350293542,4,Micro Influencer,14,0,1,0.0005734370924599407
parap129,3.533159955427089e-17,67.2211350293542,4,Micro Influencer,14,0,1,0.0005734370924599407
aguspriyadiw,3.533159955427088e-17,67.02544031311155,4,Micro Influencer,14,0,1,0.0005734370924599407
aswan2184,3.533159955427087e-17,66.82974559686889,4,Micro Influencer,14,0,1,0.0005734370924599407
mglenak,3.533159955427087e-17,66.82974559686889,4,Micro Influencer,14,0,1,0.0005734370924599407
itongeka,3.533159955427087e-17,66.82974559686889,4,Micro Influencer,14,0,1,0.0005734370924599407
bem_su1,3.5331599554270866e-17,66.58512720156556,4,Micro Influencer,14,0,1,0.0005734370924599407
evander_manroe77,3.5331599554270866e-17,66.58512720156556,4,Micro Influencer,14,0,1,0.0005734370924599407
twentytwoninetyfour,3.533159955427086e-17,66.43835616438356,4,Micro Influencer,14,0,1,0.0005734370924599407
rudi_wassalam,3.533159955427085e-17,66.29158512720157,4,Micro Influencer,14,0,1,0.0005734370924599407
amiensedunia,3.533159955427085e-17,66.29158512720157,4,Micro Influencer,14,0,1,0.0005734370924599407
4l3x42022,3.533159955427084e-17,66.04696673189824,4,Micro Influencer,14,0,1,0.0005734370924599407
bslaksono,3.533159955427084e-17,66.04696673189824,4,Micro Influencer,14,0,1,0.0005734370924599407
wildang_abu_fadhlan,3.533159955427084e-17,66.04696673189824,4,Micro Influencer,14,0,1,0.0005734370924599407
ichlasmohamad,3.5331599554270836e-17,64.87279843444227,4,Micro Influencer,14,0,1,0.0005734370924599407
selamatabdurrahman99,3.5331599554270836e-17,64.87279843444227,4,Micro Influencer,14,0,1,0.0005734370924599407
om_nyoss,3.5331599554270836e-17,64.87279843444227,4,Micro Influencer,14,0,1,0.0005734370924599407
76henikusumawati,3.5331599554270836e-17,64.87279843444227,4,Micro Influencer,14,0,1,0.0005734370924599407
lenibit.ch,3.5331599554270836e-17,64.87279843444227,4,Micro Influencer,14,0,1,0.0005734370924599407
resepnffam,3.5331599554270836e-17,64.87279843444227,4,Micro Influencer,14,0,1,0.0005734370924599407
indra_rachman19,3.5331599554270836e-17,64.87279843444227,4,Micro Influencer,14,0,1,0.0005734370924599407
prittapaw,3.5331599554270836e-17,64.87279843444227,4,Micro Influencer,14,0,1,0.0005734370924599407
hendriusman52,3.5331599554270836e-17,64.87279843444227,4,Micro Influencer,14,0,1,0.0005734370924599407
rezapahlepie1,3.5331599554270836e-17,64.87279843444227,4,Micro Influencer,14,0,1,0.0005734370924599407
nitamia38,3.5331599554270836e-17,64.87279843444227,4,Micro Influencer,14,0,1,0.0005734370924599407
wahyudineka46,3.5331599554270836e-17,64.87279843444227,4,Micro Influencer,14,0,1,0.0005734370924599407
marcoovp14,3.5331599554270836e-17,64.87279843444227,4,Micro Influencer,14,0,1,0.0005734370924599407
noorhasanah7757,3.5331599554270836e-17,64.87279843444227,4,Micro Influencer,14,0,1,0.0005734370924599407
marhendraputra,3.5331599554270836e-17,64.87279843444227,4,Micro Influencer,14,0,1,0.0005734370924599407
bananafirza4,3.5331599554270836e-17,64.87279843444227,4,Micro Influencer,14,0,1,0.0005734370924599407
penguasa.kegelapan666,3.5331599554270836e-17,64.87279843444227,4,Micro Influencer,14,0,1,0.0005734370924599407
ezazafin,3.5331599554270836e-17,64.87279843444227,4,Micro Influencer,14,0,1,0.0005734370924599407
riisestia,3.5331599554270836e-17,64.87279843444227,4,Micro Influencer,14,0,1,0.0005734370924599407
richard_ucayz,3.5331599554270836e-17,64.87279843444227,4,Micro Influencer,14,0,1,0.0005734370924599407
sirdonda,3.5331599554270836e-17,64.87279843444227,4,Micro Influencer,14,0,1,0.0005734370924599407
mhalim_real,3.533159955427083e-17,62.133072407045006,4,Micro Influencer,14,0,1,0.0005734370924599407
warasujitak,3.533159955427083e-17,62.133072407045006,4,Micro Influencer,14,0,1,0.0005734370924599407
kurnianto_susetiyo,3.533159955427083e-17,62.133072407045006,4,Micro Influencer,14,0,1,0.0005734370924599407
law_roes,3.533159955427083e-17,62.133072407045006,4,Micro Influencer,14,0,1,0.0005734370924599407
brohar85,3.533159955427083e-17,62.133072407045006,4,Micro Influencer,14,0,1,0.0005734370924599407
ylndsj,3.533159955427083e-17,62.133072407045006,4,Micro Influencer,14,0,1,0.0005734370924599407
ayub7505,3.533159955427083e-17,62.133072407045006,4,Micro Influencer,14,0,1,0.0005734370924599407
nation_027_,3.533159955427083e-17,62.133072407045006,4,Micro Influencer,14,0,1,0.0005734370924599407
yandijoee,3.533159955427083e-17,62.133072407045006,4,Micro Influencer,14,0,1,0.0005734370924599407
gputra_andreass,3.533159955427083e-17,62.133072407045006,4,Micro Influencer,14,0,1,0.0005734370924599407
renoor281971,3.533159955427083e-17,62.133072407045006,4,Micro Influencer,14,0,1,0.0005734370924599407
syane.elis,3.533159955427083e-17,62.133072407045006,4,Micro Influencer,14,0,1,0.0005734370924599407
grendygrey,3.533159955427083e-17,62.133072407045006,4,Micro Influencer,14,0,1,0.0005734370924599407
0h_gituh,3.533159955427083e-17,62.133072407045006,4,Micro Influencer,14,0,1,0.0005734370924599407
rwt_ramadhan,3.533159955427083e-17,62.133072407045006,4,Micro Influencer,14,0,1,0.0005734370924599407
ikayaji2407,3.533159955427083e-17,62.133072407045006,4,Micro Influencer,14,0,1,0.0005734370924599407
winarta_akz,3.533159955427083e-17,62.133072407045006,4,Micro Influencer,14,0,1,0.0005734370924599407
yantok7735,3.533159955427083e-17,62.133072407045006,4,Micro Influencer,14,0,1,0.0005734370924599407
ikhwan.averoes,3.533159955427083e-17,62.133072407045006,4,Micro Influencer,14,0,1,0.0005734370924599407
haris449077,3.533159955427083e-17,62.133072407045006,4,Micro Influencer,14,0,1,0.0005734370924599407
kartika1654,3.533159955427083e-17,62.133072407045006,4,Micro Influencer,14,0,1,0.0005734370924599407
muhammad2389arif,3.533159955427083e-17,62.133072407045006,4,Micro Influencer,14,0,1,0.0005734370924599407
wira.hadi.kusuma.7568,3.533159955427083e-17,62.133072407045006,4,Micro Influencer,14,0,1,0.0005734370924599407
yaqeenmnoor,3.533159955427083e-17,62.133072407045006,4,Micro Influencer,14,0,1,0.0005734370924599407
harya_pharis,3.533159955427083e-17,62.133072407045006,4,Micro Influencer,14,0,1,0.0005734370924599407
achmad_mujaeni,3.533159955427083e-17,62.133072407045006,4,Micro Influencer,14,0,1,0.0005734370924599407
vetboys24,3.533159955427083e-17,62.133072407045006,4,Micro Influencer,14,0,1,0.0005734370924599407
nabilxcy50,3.533159955427083e-17,62.133072407045006,4,Micro Influencer,14,0,1,0.0005734370924599407
wendrizal77,3.533159955427083e-17,62.133072407045006,4,Micro Influencer,14,0,1,0.0005734370924599407
andre2gd_,3.533159955427083e-17,62.133072407045006,4,Micro Influencer,14,0,1,0.0005734370924599407
nugraha.1st,3.533159955427083e-17,62.133072407045006,4,Micro Influencer,14,0,1,0.0005734370924599407
dngcahyok,3.533159955427083e-17,62.133072407045006,4,Micro Influencer,14,0,1,0.0005734370924599407
adamramadhan767,3.533159955427083e-17,62.133072407045006,4,Micro Influencer,14,0,1,0.0005734370924599407
juangjoko,3.533159955427083e-17,62.133072407045006,4,Micro Influencer,14,0,1,0.0005734370924599407
swarnorudi,3.533159955427083e-17,62.133072407045006,4,Micro Influencer,14,0,1,0.0005734370924599407
tere616,3.5331599554270823e-17,60.22504892367906,4,Micro Influencer,33,0,1,0.0005734370924599407
omgmicky,3.5331599554270823e-17,60.22504892367906,4,Micro Influencer,33,0,1,0.0005734370924599407
nazaruddin25,3.5331599554270823e-17,60.22504892367906,4,Micro Influencer,33,0,1,0.0005734370924599407
mohamed_iam_08,3.5331599554270823e-17,60.22504892367906,4,Micro Influencer,33,0,1,0.0005734370924599407
trijafayeldi,3.533159955427082e-17,59.73581213307241,4,Micro Influencer,33,0,1,0.0005734370924599407
yogiaryo439,3.533159955427082e-17,59.73581213307241,4,Micro Influencer,33,0,1,0.0005734370924599407
sir.plants.alot,3.533159955427082e-17,59.73581213307241,4,Micro Influencer,33,0,1,0.0005734370924599407
yayatsuprianto,3.533159955427082e-17,59.73581213307241,4,Micro Influencer,33,0,1,0.0005734370924599407
avkxena,3.533159955427082e-17,59.73581213307241,4,Micro Influencer,33,0,1,0.0005734370924599407
khrris_,3.533159955427082e-17,59.73581213307241,4,Micro Influencer,33,0,1,0.0005734370924599407
satriamedia,3.533159955427081e-17,29.74559686888454,5,Regular User,0,0,1,0.0005734370924599407
barbieskyx_,3.533159955427081e-17,29.74559686888454,5,Regular User,33,0,1,0.0005734370924599407
ariy_idzes,3.533159955427081e-17,29.74559686888454,5,Regular User,33,0,1,0.0005734370924599407
harybudiman23,3.533159955427081e-17,29.74559686888454,5,Regular User,33,0,1,0.0005734370924599407
kardiman_saja,3.533159955427081e-17,29.74559686888454,5,Regular User,25,0,1,0.0005734370924599407
setyobudi843,3.533159955427081e-17,29.74559686888454,5,Regular User,25,0,1,0.0005734370924599407
rzky_percil01,3.533159955427081e-17,29.74559686888454,5,Regular User,28,0,1,0.0005734370924599407
bundayati12345,3.533159955427081e-17,29.74559686888454,5,Regular User,25,0,1,0.0005734370924599407
alamsemesta189,3.533159955427081e-17,29.74559686888454,5,Regular User,27,0,1,0.0005734370924599407
reza_fahleviiii,3.533159955427081e-17,29.74559686888454,5,Regular User,19,0,1,0.0005734370924599407
isyaknurhadi,3.533159955427081e-17,29.74559686888454,5,Regular User,61,0,1,0.0005734370924599407
asriani_amiruddin,3.533159955427081e-17,29.74559686888454,5,Regular User,36,0,1,0.0005734370924599407
arkorahydro,3.533159955427081e-17,29.74559686888454,5,Regular User,60,0,1,0.0005734370924599407
agustiawan_winardi,3.533159955427081e-17,29.74559686888454,5,Regular User,29,0,1,0.0005734370924599407
er_dhaniswara,3.533159955427081e-17,29.74559686888454,5,Regular User,35,0,1,0.0005734370924599407
candi.architect,3.533159955427081e-17,29.74559686888454,5,Regular User,13,0,1,0.0005734370924599407
_thophik_,3.533159955427081e-17,29.74559686888454,5,Regular User,8,0,1,0.0005734370924599407
dr_amar___,3.533159955427081e-17,29.74559686888454,5,Regular User,8,0,1,0.0005734370924599407
inpresroad,3.533159955427081e-17,29.74559686888454,5,Regular User,8,0,1,0.0005734370924599407
isanurachmad,3.533159955427081e-17,29.74559686888454,5,Regular User,54,0,1,0.0005734370924599407
andre_pupun,3.533159955427081e-17,29.74559686888454,5,Regular User,67,0,1,0.0005734370924599407
feat.fatia1296,3.533159955427081e-17,29.74559686888454,5,Regular User,8,0,1,0.0005734370924599407
ekomotormabur,3.533159955427081e-17,29.74559686888454,5,Regular User,8,0,1,0.0005734370924599407
kopianu,3.533159955427081e-17,29.74559686888454,5,Regular User,8,0,1,0.0005734370924599407
dyansusantoo,3.533159955427081e-17,29.74559686888454,5,Regular User,8,0,1,0.0005734370924599407
badarbaghraf1,3.533159955427081e-17,29.74559686888454,5,Regular User,54,0,1,0.0005734370924599407
riyastiicr,3.533159955427081e-17,29.74559686888454,5,Regular User,66,0,1,0.0005734370924599407
tii_aa37,3.533159955427081e-17,29.74559686888454,5,Regular User,65,0,2,0.0005734370924599407
yanditarigann,3.533159955427081e-17,29.74559686888454,5,Regular User,3,0,1,0.0005734370924599407
kangbeben,3.533159955427081e-17,29.74559686888454,5,Regular User,1,0,1,0.0005734370924599407
ini.noyess,3.533159955427081e-17,29.74559686888454,5,Regular User,57,0,1,0.0005734370924599407
matriyadi,3.533159955427081e-17,29.74559686888454,5,Regular User,13,0,1,0.0005734370924599407
qdhier87,3.533159955427081e-17,29.74559686888454,5,Regular User,46,0,1,0.0005734370924599407
touristkeren,3.533159955427081e-17,29.74559686888454,5,Regular User,13,0,1,0.0005734370924599407
zaskia.salsabila.733,3.533159955427081e-17,29.74559686888454,5,Regular User,56,0,1,0.0005734370924599407
vdwntr30,3.533159955427081e-17,29.74559686888454,5,Regular User,44,0,1,0.0005734370924599407
malas_bosannn,3.533159955427081e-17,29.74559686888454,5,Regular User,47,0,1,0.0005734370924599407
hersusiloo,3.533159955427081e-17,29.74559686888454,5,Regular User,47,0,1,0.0005734370924599407
syahrulnr23,3.533159955427081e-17,29.74559686888454,5,Regular User,65,0,2,0.0005734370924599407
bukanagamrinjani,3.533159955427081e-17,29.74559686888454,5,Regular User,47,0,1,0.0005734370924599407
muhammad.firdaus10,3.533159955427081e-17,29.74559686888454,5,Regular User,8,0,1,0.0005734370924599407
m.abdullatiip,3.533159955427081e-17,29.74559686888454,5,Regular User,17,0,1,0.0005734370924599407
iyan.rahadyan,3.533159955427081e-17,29.74559686888454,5,Regular User,16,0,1,0.0005734370924599407
kosasihaditya_,3.533159955427081e-17,29.74559686888454,5,Regular User,17,0,1,0.0005734370924599407
fren_fc,3.533159955427081e-17,29.74559686888454,5,Regular User,17,0,1,0.0005734370924599407
apihjajadipraja,3.533159955427081e-17,29.74559686888454,5,Regular User,16,0,1,0.0005734370924599407
ariarya5858,3.533159955427081e-17,29.74559686888454,5,Regular User,17,0,1,0.0005734370924599407
billo.west,3.533159955427081e-17,29.74559686888454,5,Regular User,54,0,1,0.0005734370924599407
szahrxx,3.533159955427081e-17,29.74559686888454,5,Regular User,65,0,2,0.0005734370924599407
ashza_ras,3.533159955427081e-17,29.74559686888454,5,Regular User,65,0,2,0.0005734370924599407
azkiaramadanii,3.533159955427081e-17,29.74559686888454,5,Regular User,47,0,1,0.0005734370924599407
apriliasiskaaaaa,3.533159955427081e-17,29.74559686888454,5,Regular User,47,0,1,0.0005734370924599407
rachmatdosen,3.533159955427081e-17,29.74559686888454,5,Regular User,69,0,1,0.0005734370924599407
geodipaenergi,3.533159955427081e-17,29.74559686888454,5,Regular User,59,0,1,0.0005734370924599407
syechraden,3.533159955427081e-17,29.74559686888454,5,Regular User,46,0,1,0.0005734370924599407
francesumayow,3.533159955427081e-17,29.74559686888454,5,Regular User,43,0,1,0.0005734370924599407
kekenabdullah,3.533159955427081e-17,29.74559686888454,5,Regular User,44,0,1,0.0005734370924599407
kevin4627williams,3.533159955427081e-17,29.74559686888454,5,Regular User,49,0,1,0.0005734370924599407
genterpol007,3.533159955427081e-17,29.74559686888454,5,Regular User,48,0,1,0.0005734370924599407
eyt70,3.533159955427081e-17,29.74559686888454,5,Regular User,56,0,1,0.0005734370924599407
ilyashusenramadan,3.533159955427081e-17,29.74559686888454,5,Regular User,47,0,1,0.0005734370924599407
veronicamay_dr,3.533159955427081e-17,29.74559686888454,5,Regular User,13,0,1,0.0005734370924599407
ssoesan12769,3.533159955427081e-17,29.74559686888454,5,Regular User,46,0,1,0.0005734370924599407
sayidulmuhlisin,3.533159955427081e-17,29.74559686888454,5,Regular User,56,0,1,0.0005734370924599407
mauli_daharahap,3.533159955427081e-17,29.74559686888454,5,Regular User,55,0,1,0.0005734370924599407
myvetnadine,3.533159955427081e-17,29.74559686888454,5,Regular User,71,0,1,0.0005734370924599407
mujiunimma,3.533159955427081e-17,29.74559686888454,5,Regular User,71,0,1,0.0005734370924599407
fadlanahya,3.533159955427081e-17,29.74559686888454,5,Regular User,65,0,1,0.0005734370924599407
umarono2026,3.533159955427081e-17,29.74559686888454,5,Regular User,55,0,1,0.0005734370924599407
sahimal1791,3.533159955427081e-17,29.74559686888454,5,Regular User,55,0,1,0.0005734370924599407
polix_news,3.533159955427081e-17,29.74559686888454,5,Regular User,26,0,1,0.0005734370924599407
daffakhoiri13_,3.533159955427081e-17,29.74559686888454,5,Regular User,65,0,1,0.0005734370924599407
kaneta.sticker,3.533159955427081e-17,29.74559686888454,5,Regular User,43,0,1,0.0005734370924599407
indra.christianpatrick2017,3.533159955427081e-17,29.74559686888454,5,Regular User,70,0,1,0.0005734370924599407
ndianwar,3.533159955427081e-17,29.74559686888454,5,Regular User,64,0,1,0.0005734370924599407
immanuelsr,3.533159955427081e-17,29.74559686888454,5,Regular User,39,0,1,0.0005734370924599407
dwilaksonosetyowibowo,3.533159955427081e-17,29.74559686888454,5,Regular User,56,0,1,0.0005734370924599407
azkyyy_1,3.533159955427081e-17,29.74559686888454,5,Regular User,64,0,1,0.0005734370924599407
eddie__ngging,3.533159955427081e-17,29.74559686888454,5,Regular User,8,0,1,0.0005734370924599407
puspitaanggraenii,3.533159955427081e-17,29.74559686888454,5,Regular User,47,0,1,0.0005734370924599407
asril_azka,3.533159955427081e-17,29.74559686888454,5,Regular User,64,0,1,0.0005734370924599407
aiko51621,3.533159955427081e-17,29.74559686888454,5,Regular User,55,0,1,0.0005734370924599407
hisyammtaufiiq,3.533159955427081e-17,29.74559686888454,5,Regular User,29,0,1,0.0005734370924599407
welgi_afdana31,3.533159955427081e-17,29.74559686888454,5,Regular User,55,0,1,0.0005734370924599407
lutfan_efend,3.533159955427081e-17,29.74559686888454,5,Regular User,0,0,1,0.0005734370924599407
nawangseptia9,3.533159955427081e-17,29.74559686888454,5,Regular User,55,0,1,0.0005734370924599407
tadikayudika,3.533159955427081e-17,29.74559686888454,5,Regular User,55,0,1,0.0005734370924599407
ekardiman,3.533159955427081e-17,29.74559686888454,5,Regular User,55,0,1,0.0005734370924599407
theumunk,3.533159955427081e-17,29.74559686888454,5,Regular User,55,0,1,0.0005734370924599407
ekonomienergi_up45,3.533159955427081e-17,29.74559686888454,5,Regular User,62,0,1,0.0005734370924599407
bodyweighttrain77,3.533159955427081e-17,29.74559686888454,5,Regular User,55,0,1,0.0005734370924599407
dadinurfauzi,3.533159955427081e-17,29.74559686888454,5,Regular User,55,0,1,0.0005734370924599407
erj199e,3.533159955427081e-17,29.74559686888454,5,Regular User,55,0,1,0.0005734370924599407
pakalidrus,3.533159955427081e-17,29.74559686888454,5,Regular User,55,0,1,0.0005734370924599407
dolaycut,3.533159955427081e-17,29.74559686888454,5,Regular User,55,0,1,0.0005734370924599407
narasiboy,3.533159955427081e-17,29.74559686888454,5,Regular User,74,0,1,0.0005734370924599407
bangrikibatavia801,3.533159955427081e-17,29.74559686888454,5,Regular User,73,0,1,0.0005734370924599407
permadi_jaya_las,3.533159955427081e-17,29.74559686888454,5,Regular User,19,0,1,0.0005734370924599407
anggarasagung,3.533159955427081e-17,29.74559686888454,5,Regular User,19,0,1,0.0005734370924599407
azton_dj23,3.533159955427081e-17,29.74559686888454,5,Regular User,55,0,1,0.0005734370924599407
nurrr2121_,3.533159955427081e-17,29.74559686888454,5,Regular User,55,0,1,0.0005734370924599407
mangarawahyudi,3.533159955427081e-17,29.74559686888454,5,Regular User,72,0,1,0.0005734370924599407
indraadityaa9191,3.533159955427081e-17,29.74559686888454,5,Regular User,56,0,1,0.0005734370924599407
adeagus19,3.533159955427081e-17,29.74559686888454,5,Regular User,59,0,1,0.0005734370924599407
m.amindjakfar,3.533159955427081e-17,29.74559686888454,5,Regular User,54,0,1,0.0005734370924599407
djoko_simbolon,3.533159955427081e-17,29.74559686888454,5,Regular User,8,0,1,0.0005734370924599407
samyugeu,3.533159955427081e-17,29.74559686888454,5,Regular User,0,0,1,0.0005734370924599407
ymanda_sari,3.533159955427081e-17,29.74559686888454,5,Regular User,44,0,1,0.0005734370924599407
tedyatmojooo,3.533159955427081e-17,29.74559686888454,5,Regular User,47,0,1,0.0005734370924599407
hermansyahaditya54,3.533159955427081e-17,29.74559686888454,5,Regular User,47,0,1,0.0005734370924599407
yulia.nadewiii,3.533159955427081e-17,29.74559686888454,5,Regular User,47,0,1,0.0005734370924599407
mister_lipe007,3.533159955427081e-17,29.74559686888454,5,Regular User,54,0,1,0.0005734370924599407
cerah_baru,3.533159955427081e-17,29.74559686888454,5,Regular User,63,0,1,0.0005734370924599407
kucrut.bangke,3.533159955427081e-17,29.74559686888454,5,Regular User,63,0,1,0.0005734370924599407
kadal.buntet,3.533159955427081e-17,29.74559686888454,5,Regular User,63,0,1,0.0005734370924599407
kebo.budhuk,3.533159955427081e-17,29.74559686888454,5,Regular User,63,0,1,0.0005734370924599407
dinosau12us,3.533159955427081e-17,29.74559686888454,5,Regular User,63,0,1,0.0005734370924599407
kelaut_aja,3.533159955427081e-17,29.74559686888454,5,Regular User,63,0,1,0.0005734370924599407
cintamelodyy_,3.533159955427081e-17,29.74559686888454,5,Regular User,62,0,1,0.0005734370924599407
reynal_da,3.533159955427081e-17,29.74559686888454,5,Regular User,62,0,1,0.0005734370924599407
rilasusiana13,3.533159955427081e-17,29.74559686888454,5,Regular User,54,0,1,0.0005734370924599407
lemangowner,3.533159955427081e-17,29.74559686888454,5,Regular User,39,0,1,0.0005734370924599407
atasnamasayasaja,3.533159955427081e-17,29.74559686888454,5,Regular User,39,0,1,0.0005734370924599407
anjuransaham,3.533159955427081e-17,29.74559686888454,5,Regular User,39,0,1,0.0005734370924599407
justme.20241,3.533159955427081e-17,29.74559686888454,5,Regular User,39,0,1,0.0005734370924599407
pln.uipklb,3.533159955427081e-17,29.74559686888454,5,Regular User,75,0,1,0.0005734370924599407
yuhankurniawan,3.533159955427081e-17,29.74559686888454,5,Regular User,19,0,1,0.0005734370924599407
asukahana,3.533159955427081e-17,29.74559686888454,5,Regular User,66,0,1,0.0005734370924599407
xyztarlight,3.533159955427081e-17,29.74559686888454,5,Regular User,39,0,1,0.0005734370924599407
nellysafitri14,3.533159955427081e-17,29.74559686888454,5,Regular User,7,0,1,0.0005734370924599407
justsomeone.rd,3.533159955427081e-17,29.74559686888454,5,Regular User,39,0,1,0.0005734370924599407
lambe_turah505,3.533159955427081e-17,29.74559686888454,5,Regular User,19,0,1,0.0005734370924599407
khayfazar74,3.533159955427081e-17,29.74559686888454,5,Regular User,7,0,1,0.0005734370924599407
wilson_albasri,3.533159955427081e-17,29.74559686888454,5,Regular User,76,0,1,0.0005734370924599407
budi_angkringan25,3.533159955427081e-17,29.74559686888454,5,Regular User,39,0,1,0.0005734370924599407
rando_arsyad7,3.533159955427081e-17,29.74559686888454,5,Regular User,3,0,1,0.0005734370924599407
malikininspiratif,3.533159955427081e-17,29.74559686888454,5,Regular User,3,0,1,0.0005734370924599407
rbmohshaleh,3.533159955427081e-17,29.74559686888454,5,Regular User,54,0,1,0.0005734370924599407
note.dedi,3.533159955427081e-17,29.74559686888454,5,Regular User,65,0,1,0.0005734370924599407
________naba,3.533159955427081e-17,29.74559686888454,5,Regular User,65,0,2,0.0005734370924599407
trashranger.id,3.533159955427081e-17,29.74559686888454,5,Regular User,65,0,1,0.0005734370924599407
ull_unk89,3.533159955427081e-17,29.74559686888454,5,Regular User,64,0,1,0.0005734370924599407
yytri89,3.533159955427081e-17,29.74559686888454,5,Regular User,24,0,1,0.0005734370924599407
karinaardhia,3.533159955427081e-17,29.74559686888454,5,Regular User,47,0,1,0.0005734370924599407
lugina_kurniawati,3.533159955427081e-17,29.74559686888454,5,Regular User,17,0,1,0.0005734370924599407
vizhckerz,3.533159955427081e-17,29.74559686888454,5,Regular User,15,0,1,0.0005734370924599407
ayuliindriani,3.533159955427081e-17,29.74559686888454,5,Regular User,16,0,1,0.0005734370924599407
arifyuspiana,3.533159955427081e-17,29.74559686888454,5,Regular User,17,0,1,0.0005734370924599407
bunda.kkdd,3.533159955427081e-17,29.74559686888454,5,Regular User,17,0,1,0.0005734370924599407
danimaziza,3.533159955427081e-17,29.74559686888454,5,Regular User,16,0,1,0.0005734370924599407
mumun.maemunah.587268,3.533159955427081e-17,29.74559686888454,5,Regular User,17,0,1,0.0005734370924599407
kemalhanafii,3.533159955427081e-17,29.74559686888454,5,Regular User,17,0,1,0.0005734370924599407
bukan_ayyub,3.533159955427081e-17,29.74559686888454,5,Regular User,17,0,1,0.0005734370924599407
_galuh666,3.533159955427081e-17,29.74559686888454,5,Regular User,16,0,1,0.0005734370924599407
watse_84,3.533159955427081e-17,29.74559686888454,5,Regular User,16,0,1,0.0005734370924599407
slaveoftool,3.533159955427081e-17,29.74559686888454,5,Regular User,16,0,1,0.0005734370924599407
karerekaka,3.533159955427081e-17,29.74559686888454,5,Regular User,66,0,1,0.0005734370924599407
satriagasa,3.533159955427081e-17,29.74559686888454,5,Regular User,78,0,1,0.0005734370924599407
feb.rmd,3.533159955427081e-17,29.74559686888454,5,Regular User,39,0,1,0.0005734370924599407
keanuabhivandya,3.533159955427081e-17,29.74559686888454,5,Regular User,73,0,1,0.0005734370924599407
bingungsanasini2025,3.533159955427081e-17,29.74559686888454,5,Regular User,19,0,1,0.0005734370924599407
andrefebrian444,3.533159955427081e-17,29.74559686888454,5,Regular User,13,0,1,0.0005734370924599407
arif.satia,3.533159955427081e-17,29.74559686888454,5,Regular User,39,0,1,0.0005734370924599407
hastutiwuri,3.533159955427081e-17,29.74559686888454,5,Regular User,52,0,1,0.0005734370924599407
rizkyjokeja,3.533159955427081e-17,29.74559686888454,5,Regular User,7,0,1,0.0005734370924599407
pengangguranimut,3.533159955427081e-17,29.74559686888454,5,Regular User,39,0,1,0.0005734370924599407
hallorew,3.533159955427081e-17,29.74559686888454,5,Regular User,78,0,1,0.0005734370924599407
alifianrg,3.533159955427081e-17,29.74559686888454,5,Regular User,66,0,1,0.0005734370924599407
xlemanzupx,3.533159955427081e-17,29.74559686888454,5,Regular User,3,0,1,0.0005734370924599407
bababigonthebike,3.533159955427081e-17,29.74559686888454,5,Regular User,79,0,1,0.0005734370924599407
kak_bho,3.533159955427081e-17,29.74559686888454,5,Regular User,73,0,1,0.0005734370924599407
andriyan_senpai,3.533159955427081e-17,29.74559686888454,5,Regular User,39,0,1,0.0005734370924599407
riankapraja,3.533159955427081e-17,29.74559686888454,5,Regular User,78,0,1,0.0005734370924599407
setiabuddi,3.533159955427081e-17,29.74559686888454,5,Regular User,73,0,1,0.0005734370924599407
_warmindostory,3.533159955427081e-17,29.74559686888454,5,Regular User,7,0,1,0.0005734370924599407
rifnaldo_karangan99,3.533159955427081e-17,29.74559686888454,5,Regular User,59,0,1,0.0005734370924599407
putrianggraini683,3.533159955427081e-17,29.74559686888454,5,Regular User,52,0,1,0.0005734370924599407
dwighthendro,3.533159955427081e-17,29.74559686888454,5,Regular User,44,0,1,0.0005734370924599407
lis.dyah,3.533159955427081e-17,29.74559686888454,5,Regular User,73,0,1,0.0005734370924599407
dixkyfau,3.533159955427081e-17,29.74559686888454,5,Regular User,47,0,1,0.0005734370924599407
rizkiaazzani,3.533159955427081e-17,29.74559686888454,5,Regular User,39,0,1,0.0005734370924599407
partainasi.id,3.533159955427081e-17,29.74559686888454,5,Regular User,85,0,1,0.0005734370924599407
_vha.00,3.533159955427081e-17,29.74559686888454,5,Regular User,39,0,1,0.0005734370924599407
rex_ray_1,3.533159955427081e-17,29.74559686888454,5,Regular User,84,0,1,0.0005734370924599407
iyolah_72,3.533159955427081e-17,29.74559686888454,5,Regular User,73,0,1,0.0005734370924599407
rikypermana_brt,3.533159955427081e-17,29.74559686888454,5,Regular User,3,0,1,0.0005734370924599407
panjimulki,3.533159955427081e-17,29.74559686888454,5,Regular User,83,0,1,0.0005734370924599407
rays_mans,3.533159955427081e-17,29.74559686888454,5,Regular User,82,0,1,0.0005734370924599407
bangedhyompong,3.533159955427081e-17,29.74559686888454,5,Regular User,81,0,1,0.0005734370924599407
yogiijepee,3.533159955427081e-17,29.74559686888454,5,Regular User,81,0,1,0.0005734370924599407
rucytriadi,3.533159955427081e-17,29.74559686888454,5,Regular User,80,0,1,0.0005734370924599407
syandy1212,3.533159955427081e-17,29.74559686888454,5,Regular User,54,0,1,0.0005734370924599407
riyani_twins,3.533159955427081e-17,29.74559686888454,5,Regular User,73,0,1,0.0005734370924599407
petabazi,3.533159955427081e-17,29.74559686888454,5,Regular User,87,0,1,0.0005734370924599407
samiun1976,3.533159955427081e-17,29.74559686888454,5,Regular User,55,0,1,0.0005734370924599407
kerjamuid,3.533159955427081e-17,29.74559686888454,5,Regular User,87,0,1,0.0005734370924599407
_anhso,3.533159955427081e-17,29.74559686888454,5,Regular User,55,0,1,0.0005734370924599407
maskhaizan,3.533159955427081e-17,29.74559686888454,5,Regular User,78,0,1,0.0005734370924599407
riniyulia790,3.533159955427081e-17,29.74559686888454,5,Regular User,73,0,1,0.0005734370924599407
notanoldmens,3.533159955427081e-17,29.74559686888454,5,Regular User,47,0,1,0.0005734370924599407
fa.rid5440,3.533159955427081e-17,29.74559686888454,5,Regular User,81,0,1,0.0005734370924599407
bayu_astrianto,3.533159955427081e-17,29.74559686888454,5,Regular User,75,0,1,0.0005734370924599407
drawinn_00,3.533159955427081e-17,29.74559686888454,5,Regular User,80,0,1,0.0005734370924599407
edyalnur,3.533159955427081e-17,29.74559686888454,5,Regular User,73,0,1,0.0005734370924599407
pleiades27_,3.533159955427081e-17,29.74559686888454,5,Regular User,46,0,1,0.0005734370924599407
liyasf,3.533159955427081e-17,29.74559686888454,5,Regular User,78,0,1,0.0005734370924599407
luqmandiyah6,3.533159955427081e-17,29.74559686888454,5,Regular User,86,0,1,0.0005734370924599407
firdaus_ahmad_015,3.533159955427081e-17,29.74559686888454,5,Regular User,0,0,1,0.0005734370924599407
ptpesonapariwisata,3.533159955427081e-17,29.74559686888454,5,Regular User,73,0,1,0.0005734370924599407
dessy4474,3.533159955427081e-17,29.74559686888454,5,Regular User,46,0,1,0.0005734370924599407
azizhasibuan_,3.533159955427081e-17,29.74559686888454,5,Regular User,44,0,1,0.0005734370924599407
_be_worth_it,3.533159955427081e-17,29.74559686888454,5,Regular User,13,0,1,0.0005734370924599407
radenmasarifningrat,3.533159955427081e-17,29.74559686888454,5,Regular User,46,0,1,0.0005734370924599407
panduanggasta,3.533159955427081e-17,29.74559686888454,5,Regular User,17,0,1,0.0005734370924599407
r4ndy.bouled,3.533159955427081e-17,29.74559686888454,5,Regular User,23,0,1,0.0005734370924599407
abiyumna09,3.533159955427081e-17,29.74559686888454,5,Regular User,17,0,1,0.0005734370924599407
bennyarief46,3.533159955427081e-17,29.74559686888454,5,Regular User,23,0,1,0.0005734370924599407
ahmadaris.ahmadaris.1,3.533159955427081e-17,29.74559686888454,5,Regular User,17,0,1,0.0005734370924599407
rahmadsaidah09,3.533159955427081e-17,29.74559686888454,5,Regular User,23,0,1,0.0005734370924599407
rizky_binahong,3.533159955427081e-17,29.74559686888454,5,Regular User,17,0,1,0.0005734370924599407
slahs_gavi,3.533159955427081e-17,29.74559686888454,5,Regular User,17,0,1,0.0005734370924599407
rizalkansaja,3.533159955427081e-17,29.74559686888454,5,Regular User,47,0,1,0.0005734370924599407
kikiw_2026_,3.533159955427081e-17,29.74559686888454,5,Regular User,80,0,1,0.0005734370924599407
sablonjambi,3.533159955427081e-17,29.74559686888454,5,Regular User,13,0,1,0.0005734370924599407
ockta_galuh_sipo,3.533159955427081e-17,29.74559686888454,5,Regular User,39,0,1,0.0005734370924599407
evapermatasari25,3.533159955427081e-17,29.74559686888454,5,Regular User,8,0,1,0.0005734370924599407
akmalrosihan,3.533159955427081e-17,29.74559686888454,5,Regular User,67,0,1,0.0005734370924599407
deharja77,3.533159955427081e-17,29.74559686888454,5,Regular User,55,0,1,0.0005734370924599407
serafina_aleexa,3.533159955427081e-17,29.74559686888454,5,Regular User,8,0,1,0.0005734370924599407
nugraheni.raditya,3.533159955427081e-17,29.74559686888454,5,Regular User,8,0,1,0.0005734370924599407
brianrahmadn,3.533159955427081e-17,29.74559686888454,5,Regular User,83,0,1,0.0005734370924599407
iwan.nug,3.533159955427081e-17,29.74559686888454,5,Regular User,8,0,1,0.0005734370924599407
haritasik12,3.533159955427081e-17,29.74559686888454,5,Regular User,8,0,1,0.0005734370924599407
fannyfariano24,3.533159955427081e-17,29.74559686888454,5,Regular User,8,0,1,0.0005734370924599407
sahimal5842,3.533159955427081e-17,29.74559686888454,5,Regular User,8,0,1,0.0005734370924599407
davidsonkarokaro,3.533159955427081e-17,29.74559686888454,5,Regular User,55,0,1,0.0005734370924599407
deviratnasari1212,3.533159955427081e-17,29.74559686888454,5,Regular User,52,0,1,0.0005734370924599407
syauqi_mezal,3.533159955427081e-17,29.74559686888454,5,Regular User,87,0,1,0.0005734370924599407
mechviator14,3.533159955427081e-17,29.74559686888454,5,Regular User,55,0,1,0.0005734370924599407
adilsetiawan65,3.533159955427081e-17,29.74559686888454,5,Regular User,39,0,1,0.0005734370924599407
sesaryadi10,3.533159955427081e-17,29.74559686888454,5,Regular User,39,0,1,0.0005734370924599407
ganishalasad,3.533159955427081e-17,29.74559686888454,5,Regular User,39,0,1,0.0005734370924599407
ulceland,3.533159955427081e-17,29.74559686888454,5,Regular User,13,0,1,0.0005734370924599407
muhammadsabriii,3.533159955427081e-17,29.74559686888454,5,Regular User,15,0,1,0.0005734370924599407
sandibinara,3.533159955427081e-17,29.74559686888454,5,Regular User,15,0,1,0.0005734370924599407
tata_ferdian,3.533159955427081e-17,29.74559686888454,5,Regular User,15,0,1,0.0005734370924599407
masih_santai678,3.533159955427081e-17,29.74559686888454,5,Regular User,15,0,1,0.0005734370924599407
nurulbtfauzi,3.533159955427081e-17,29.74559686888454,5,Regular User,15,0,1,0.0005734370924599407
raja_makeup23,3.533159955427081e-17,29.74559686888454,5,Regular User,15,0,1,0.0005734370924599407
jibranmahesi,3.533159955427081e-17,29.74559686888454,5,Regular User,15,0,1,0.0005734370924599407
kazooel1933,3.533159955427081e-17,29.74559686888454,5,Regular User,15,0,1,0.0005734370924599407
tuanaqsa,3.533159955427081e-17,29.74559686888454,5,Regular User,15,0,1,0.0005734370924599407
goodyeay,3.533159955427081e-17,29.74559686888454,5,Regular User,13,0,1,0.0005734370924599407
marthin_jacobs,3.533159955427081e-17,29.74559686888454,5,Regular User,13,0,1,0.0005734370924599407
eurekatedja,3.533159955427081e-17,29.74559686888454,5,Regular User,1,0,1,0.0005734370924599407
aditya_rockin,3.533159955427081e-17,29.74559686888454,5,Regular User,44,0,1,0.0005734370924599407
mybeauty.shopee,3.533159955427081e-17,29.74559686888454,5,Regular User,44,0,1,0.0005734370924599407
bil_rosmi,3.533159955427081e-17,29.74559686888454,5,Regular User,37,0,1,0.0005734370924599407
k_dem_09,3.533159955427081e-17,29.74559686888454,5,Regular User,37,0,1,0.0005734370924599407
_arelov,3.533159955427081e-17,29.74559686888454,5,Regular User,44,0,1,0.0005734370924599407
chairijah5216,3.533159955427081e-17,29.74559686888454,5,Regular User,55,0,1,0.0005734370924599407
ahmadnursubekti,3.533159955427081e-17,29.74559686888454,5,Regular User,90,0,1,0.0005734370924599407
agung.purnomo18,3.533159955427081e-17,29.74559686888454,5,Regular User,74,0,1,0.0005734370924599407
wuri20984,3.533159955427081e-17,29.74559686888454,5,Regular User,39,0,1,0.0005734370924599407
kayaknyaiqbal,3.533159955427081e-17,29.74559686888454,5,Regular User,55,0,1,0.0005734370924599407
anasrul_0,3.533159955427081e-17,29.74559686888454,5,Regular User,55,0,1,0.0005734370924599407
purwanindita,3.533159955427081e-17,29.74559686888454,5,Regular User,75,0,1,0.0005734370924599407
tono.william,3.533159955427081e-17,29.74559686888454,5,Regular User,80,0,1,0.0005734370924599407
kang_dondon,3.533159955427081e-17,29.74559686888454,5,Regular User,39,0,1,0.0005734370924599407
sonya_on,3.533159955427081e-17,29.74559686888454,5,Regular User,39,0,1,0.0005734370924599407
arffan37,3.533159955427081e-17,29.74559686888454,5,Regular User,39,0,1,0.0005734370924599407
filaaja16,3.533159955427081e-17,29.74559686888454,5,Regular User,91,0,1,0.0005734370924599407
4erielle,3.533159955427081e-17,29.74559686888454,5,Regular User,91,0,1,0.0005734370924599407
fharidotulamanah,3.533159955427081e-17,29.74559686888454,5,Regular User,91,0,1,0.0005734370924599407
asep.rahmat27ar,3.533159955427081e-17,29.74559686888454,5,Regular User,91,0,1,0.0005734370924599407
ickromah_uzumaki,3.533159955427081e-17,29.74559686888454,5,Regular User,91,0,1,0.0005734370924599407
alwi_gifary,3.533159955427081e-17,29.74559686888454,5,Regular User,91,0,1,0.0005734370924599407
fatihdev88,3.533159955427081e-17,29.74559686888454,5,Regular User,91,0,1,0.0005734370924599407
igpunyaani,3.533159955427081e-17,29.74559686888454,5,Regular User,91,0,1,0.0005734370924599407
arkafarash,3.533159955427081e-17,29.74559686888454,5,Regular User,91,0,1,0.0005734370924599407
_ndrok,3.533159955427081e-17,29.74559686888454,5,Regular User,0,0,1,0.0005734370924599407
5_famiily,3.533159955427081e-17,29.74559686888454,5,Regular User,46,0,1,0.0005734370924599407
starvbest,3.533159955427081e-17,29.74559686888454,5,Regular User,40,0,1,0.0005734370924599407
dianalstr14,3.533159955427081e-17,29.74559686888454,5,Regular User,44,0,1,0.0005734370924599407
ujange_19,3.533159955427081e-17,29.74559686888454,5,Regular User,44,0,1,0.0005734370924599407
dwifirdaus_11,3.533159955427081e-17,29.74559686888454,5,Regular User,44,0,1,0.0005734370924599407
bento1ko,3.533159955427081e-17,29.74559686888454,5,Regular User,45,0,1,0.0005734370924599407
mhmdvrgii,3.533159955427081e-17,29.74559686888454,5,Regular User,94,0,1,0.0005734370924599407
bimmm_______,3.533159955427081e-17,29.74559686888454,5,Regular User,0,0,1,0.0005734370924599407
dhila_meong,3.533159955427081e-17,29.74559686888454,5,Regular User,52,0,1,0.0005734370924599407
hanatamara70,3.533159955427081e-17,29.74559686888454,5,Regular User,91,0,1,0.0005734370924599407
gendhoek_limboek,3.533159955427081e-17,29.74559686888454,5,Regular User,92,0,1,0.0005734370924599407
david_w_sujarwo,3.533159955427081e-17,29.74559686888454,5,Regular User,13,0,1,0.0005734370924599407
skimidot22,3.533159955427081e-17,29.74559686888454,5,Regular User,13,0,1,0.0005734370924599407
veny.vixki,3.533159955427081e-17,29.74559686888454,5,Regular User,13,0,1,0.0005734370924599407
noe.rucon,3.533159955427081e-17,29.74559686888454,5,Regular User,13,0,1,0.0005734370924599407
fazrisywbznntdm,3.533159955427081e-17,29.74559686888454,5,Regular User,13,0,1,0.0005734370924599407
suhendroabuhaidar,3.533159955427081e-17,29.74559686888454,5,Regular User,14,0,1,0.0005734370924599407
raja_springbed,3.533159955427081e-17,29.74559686888454,5,Regular User,13,0,1,0.0005734370924599407
febriyvn.me,3.533159955427081e-17,29.74559686888454,5,Regular User,75,0,1,0.0005734370924599407
nourshue,3.533159955427081e-17,29.74559686888454,5,Regular User,8,0,1,0.0005734370924599407
anna_lim888.id,3.533159955427081e-17,29.74559686888454,5,Regular User,8,0,1,0.0005734370924599407
verd7007,3.533159955427081e-17,29.74559686888454,5,Regular User,92,0,1,0.0005734370924599407
gsitest,3.533159955427081e-17,29.74559686888454,5,Regular User,75,0,1,0.0005734370924599407
milan_agus1,3.533159955427081e-17,29.74559686888454,5,Regular User,46,0,1,0.0005734370924599407
ayumegadewii,3.533159955427081e-17,29.74559686888454,5,Regular User,0,0,1,0.0005734370924599407
bahanstempelsurabaya,3.533159955427081e-17,29.74559686888454,5,Regular User,75,0,1,0.0005734370924599407
ikiriswan062,3.533159955427081e-17,29.74559686888454,5,Regular User,96,0,1,0.0005734370924599407
sssaaaaaaalll,3.533159955427081e-17,29.74559686888454,5,Regular User,95,0,1,0.0005734370924599407
arizfhrrzi,3.533159955427081e-17,29.74559686888454,5,Regular User,39,0,1,0.0005734370924599407
ekhoirul8,3.533159955427081e-17,29.74559686888454,5,Regular User,67,0,1,0.0005734370924599407
rnaufallll,3.533159955427081e-17,29.74559686888454,5,Regular User,83,0,1,0.0005734370924599407
nizar9____,3.533159955427081e-17,29.74559686888454,5,Regular User,0,0,1,0.0005734370924599407
endahnu,3.533159955427081e-17,29.74559686888454,5,Regular User,83,0,1,0.0005734370924599407
rezaaldiprtm_,3.533159955427081e-17,29.74559686888454,5,Regular User,51,0,1,0.0005734370924599407
mhmmdadry5,3.533159955427081e-17,29.74559686888454,5,Regular User,83,0,1,0.0005734370924599407
arjbokz,3.533159955427081e-17,29.74559686888454,5,Regular User,0,0,1,0.0005734370924599407
aaalbertob,3.533159955427081e-17,29.74559686888454,5,Regular User,34,0,1,0.0005734370924599407
ciaaa_fac,3.533159955427081e-17,29.74559686888454,5,Regular User,0,0,1,0.0005734370924599407
ageng.pangestu217,3.533159955427081e-17,29.74559686888454,5,Regular User,1,0,1,0.0005734370924599407
elmayatigoenawan,3.533159955427081e-17,29.74559686888454,5,Regular User,7,0,1,0.0005734370924599407
bintangnani91,3.533159955427081e-17,29.74559686888454,5,Regular User,7,0,1,0.0005734370924599407
maruf2tangerang,3.533159955427081e-17,29.74559686888454,5,Regular User,8,0,1,0.0005734370924599407
monsun_17,3.533159955427081e-17,29.74559686888454,5,Regular User,53,0,1,0.0005734370924599407
syzahwa_,3.533159955427081e-17,29.74559686888454,5,Regular User,99,0,1,0.0005734370924599407
notes123456789ku,3.533159955427081e-17,29.74559686888454,5,Regular User,101,0,1,0.0005734370924599407
rossiagstn,3.533159955427081e-17,29.74559686888454,5,Regular User,99,0,1,0.0005734370924599407
linusvolta,3.533159955427081e-17,29.74559686888454,5,Regular User,100,0,1,0.0005734370924599407
warta.banyuwangi,3.533159955427081e-17,29.74559686888454,5,Regular User,0,0,1,0.0005734370924599407
zigyzikraa,3.533159955427081e-17,29.74559686888454,5,Regular User,99,0,1,0.0005734370924599407
anitalstri11,3.533159955427081e-17,29.74559686888454,5,Regular User,98,0,1,0.0005734370924599407
ameliarhmwt1,3.533159955427081e-17,29.74559686888454,5,Regular User,98,0,1,0.0005734370924599407
zikrisaputtraa,3.533159955427081e-17,29.74559686888454,5,Regular User,98,0,1,0.0005734370924599407
akmallmulnaa,3.533159955427081e-17,29.74559686888454,5,Regular User,98,0,1,0.0005734370924599407
arief.s.marsis,3.533159955427081e-17,29.74559686888454,5,Regular User,97,0,1,0.0005734370924599407
sandianandar,3.533159955427081e-17,29.74559686888454,5,Regular User,102,0,1,0.0005734370924599407
arifcassa,3.533159955427081e-17,29.74559686888454,5,Regular User,102,0,1,0.0005734370924599407
febri14300,3.533159955427081e-17,29.74559686888454,5,Regular User,83,0,1,0.0005734370924599407
lkmn.xx1127,3.533159955427081e-17,29.74559686888454,5,Regular User,0,0,1,0.0005734370924599407
doddrell_tanty,3.533159955427081e-17,29.74559686888454,5,Regular User,8,0,1,0.0005734370924599407
pramukaoganilir,3.533159955427081e-17,29.74559686888454,5,Regular User,94,0,1,0.0005734370924599407
nuriladi,3.533159955427081e-17,29.74559686888454,5,Regular User,94,0,1,0.0005734370924599407
julizar_idris,3.533159955427081e-17,29.74559686888454,5,Regular User,59,0,1,0.0005734370924599407
whprakoso,3.533159955427081e-17,29.74559686888454,5,Regular User,94,0,1,0.0005734370924599407
hardi.aswin,3.533159955427081e-17,29.74559686888454,5,Regular User,52,0,1,0.0005734370924599407
relymalina,3.533159955427081e-17,29.74559686888454,5,Regular User,52,0,1,0.0005734370924599407
captain_magha,3.533159955427081e-17,29.74559686888454,5,Regular User,1,0,1,0.0005734370924599407
anjase_xx,3.533159955427081e-17,29.74559686888454,5,Regular User,1,0,1,0.0005734370924599407
yogie_basri,3.533159955427081e-17,29.74559686888454,5,Regular User,12,0,1,0.0005734370924599407
hars_1928,3.533159955427081e-17,29.74559686888454,5,Regular User,1,0,1,0.0005734370924599407
andiconyputroe,3.533159955427081e-17,29.74559686888454,5,Regular User,7,0,1,0.0005734370924599407
_dewisri.dsy,3.533159955427081e-17,29.74559686888454,5,Regular User,37,0,1,0.0005734370924599407
ucup_6989,3.533159955427081e-17,29.74559686888454,5,Regular User,37,0,1,0.0005734370924599407
maz.t.aja,3.533159955427081e-17,29.74559686888454,5,Regular User,37,0,1,0.0005734370924599407
tamajuntak,3.533159955427081e-17,29.74559686888454,5,Regular User,37,0,1,0.0005734370924599407
mahmudin_karta_wijaya,3.533159955427081e-17,29.74559686888454,5,Regular User,59,0,1,0.0005734370924599407
rina286_,3.533159955427081e-17,29.74559686888454,5,Regular User,106,0,1,0.0005734370924599407
mo.moko7390,3.533159955427081e-17,29.74559686888454,5,Regular User,69,0,1,0.0005734370924599407
phantomplanet_xx,3.533159955427081e-17,29.74559686888454,5,Regular User,94,0,1,0.0005734370924599407
kugynana,3.533159955427081e-17,29.74559686888454,5,Regular User,105,0,2,0.0005734370924599407
hayanidjowuri,3.533159955427081e-17,29.74559686888454,5,Regular User,104,0,1,0.0005734370924599407
buan4545,3.533159955427081e-17,29.74559686888454,5,Regular User,59,0,1,0.0005734370924599407
istamar_ist,3.533159955427081e-17,29.74559686888454,5,Regular User,103,0,1,0.0005734370924599407
elcoroch,3.533159955427081e-17,29.74559686888454,5,Regular User,83,0,1,0.0005734370924599407
ubaid__nur,3.533159955427081e-17,29.74559686888454,5,Regular User,51,0,1,0.0005734370924599407
refliaisyah,3.533159955427081e-17,29.74559686888454,5,Regular User,79,0,1,0.0005734370924599407
mpakhrur,3.533159955427081e-17,29.74559686888454,5,Regular User,39,0,1,0.0005734370924599407
oki_boer,3.533159955427081e-17,29.74559686888454,5,Regular User,59,0,1,0.0005734370924599407
alfredogustiar,3.533159955427081e-17,29.74559686888454,5,Regular User,55,0,1,0.0005734370924599407
im.ullann,3.533159955427081e-17,29.74559686888454,5,Regular User,31,0,1,0.0005734370924599407
sentot_id1,3.533159955427081e-17,29.74559686888454,5,Regular User,37,0,1,0.0005734370924599407
fajarhitammm,3.533159955427081e-17,29.74559686888454,5,Regular User,29,0,1,0.0005734370924599407
faisalladamm,3.533159955427081e-17,29.74559686888454,5,Regular User,29,0,1,0.0005734370924599407
nyith2,3.533159955427081e-17,29.74559686888454,5,Regular User,40,0,1,0.0005734370924599407
dellyfebriadi,3.533159955427081e-17,29.74559686888454,5,Regular User,40,0,1,0.0005734370924599407
art_lv01,3.533159955427081e-17,29.74559686888454,5,Regular User,37,0,1,0.0005734370924599407
lennz_shh,3.533159955427081e-17,29.74559686888454,5,Regular User,108,0,1,0.0005734370924599407
yusoktavia09,3.533159955427081e-17,29.74559686888454,5,Regular User,107,0,1,0.0005734370924599407
vickyhardinata,3.533159955427081e-17,29.74559686888454,5,Regular User,37,0,1,0.0005734370924599407
aryadmth_,3.533159955427081e-17,29.74559686888454,5,Regular User,37,0,1,0.0005734370924599407
wwenehh,3.533159955427081e-17,29.74559686888454,5,Regular User,37,0,1,0.0005734370924599407
_mon97,3.533159955427081e-17,29.74559686888454,5,Regular User,37,0,1,0.0005734370924599407
_jametbersatu,3.533159955427081e-17,29.74559686888454,5,Regular User,37,0,1,0.0005734370924599407
zerosixnineeight,3.533159955427081e-17,29.74559686888454,5,Regular User,109,0,1,0.0005734370924599407
sertifikasi_kompetensi,3.533159955427081e-17,29.74559686888454,5,Regular User,110,0,1,0.0005734370924599407
yosia14,3.533159955427081e-17,29.74559686888454,5,Regular User,109,0,1,0.0005734370924599407
rachmadirwanto,3.533159955427081e-17,29.74559686888454,5,Regular User,109,0,1,0.0005734370924599407
novendra_df,3.533159955427081e-17,29.74559686888454,5,Regular User,109,0,1,0.0005734370924599407
sansthrift354,3.533159955427081e-17,29.74559686888454,5,Regular User,108,0,1,0.0005734370924599407
ewfharis,3.533159955427081e-17,29.74559686888454,5,Regular User,108,0,1,0.0005734370924599407
donavan977,3.533159955427081e-17,29.74559686888454,5,Regular User,108,0,1,0.0005734370924599407
mulyo_pasoepatisedjati,3.533159955427081e-17,29.74559686888454,5,Regular User,108,0,1,0.0005734370924599407
aliifjr_,3.533159955427081e-17,29.74559686888454,5,Regular User,108,0,1,0.0005734370924599407
gladtribe,3.533159955427081e-17,29.74559686888454,5,Regular User,108,0,1,0.0005734370924599407
rizkirezeki,3.533159955427081e-17,29.74559686888454,5,Regular User,44,0,1,0.0005734370924599407
arsn_try,3.533159955427081e-17,29.74559686888454,5,Regular User,44,0,1,0.0005734370924599407
faqihh43,3.533159955427081e-17,29.74559686888454,5,Regular User,44,0,1,0.0005734370924599407
viorettalinda,3.533159955427081e-17,29.74559686888454,5,Regular User,56,0,1,0.0005734370924599407
rahmat_jeri1,3.533159955427081e-17,29.74559686888454,5,Regular User,43,0,1,0.0005734370924599407
pnjalubumi,3.533159955427081e-17,29.74559686888454,5,Regular User,8,0,1,0.0005734370924599407
ghe_penk13,3.533159955427081e-17,29.74559686888454,5,Regular User,8,0,1,0.0005734370924599407
samhuda1966,3.533159955427081e-17,29.74559686888454,5,Regular User,8,0,1,0.0005734370924599407
aryonoput,3.533159955427081e-17,29.74559686888454,5,Regular User,8,0,1,0.0005734370924599407
beaconnbine_,3.533159955427081e-17,29.74559686888454,5,Regular User,109,0,1,0.0005734370924599407
cotomatte04,3.533159955427081e-17,29.74559686888454,5,Regular User,108,0,1,0.0005734370924599407
yudiantodody,3.533159955427081e-17,29.74559686888454,5,Regular User,109,0,1,0.0005734370924599407
indovolix,3.533159955427081e-17,29.74559686888454,5,Regular User,112,0,1,0.0005734370924599407
oddangrewu,3.533159955427081e-17,29.74559686888454,5,Regular User,105,0,1,0.0005734370924599407
austin44163,3.533159955427081e-17,29.74559686888454,5,Regular User,111,0,1,0.0005734370924599407
paridamrlh_,3.533159955427081e-17,29.74559686888454,5,Regular User,111,0,1,0.0005734370924599407
rizky_fernandez29,3.533159955427081e-17,29.74559686888454,5,Regular User,108,0,1,0.0005734370924599407
matchati.idn,3.533159955427081e-17,29.74559686888454,5,Regular User,111,0,1,0.0005734370924599407
mariotedy_syah,3.533159955427081e-17,29.74559686888454,5,Regular User,111,0,1,0.0005734370924599407
didik2750,3.533159955427081e-17,29.74559686888454,5,Regular User,109,0,1,0.0005734370924599407
fahmimuhtasyam17,3.533159955427081e-17,29.74559686888454,5,Regular User,109,0,1,0.0005734370924599407
jiggy_jig30,3.533159955427081e-17,29.74559686888454,5,Regular User,115,0,1,0.0005734370924599407
mahardiansamarinda,3.533159955427081e-17,29.74559686888454,5,Regular User,114,0,1,0.0005734370924599407
shashamarrysha,3.533159955427081e-17,29.74559686888454,5,Regular User,22,0,1,0.0005734370924599407
desiantoerwan,3.533159955427081e-17,29.74559686888454,5,Regular User,22,0,1,0.0005734370924599407
dutarzqcmrlg,3.533159955427081e-17,29.74559686888454,5,Regular User,22,0,1,0.0005734370924599407
diosbright,3.533159955427081e-17,29.74559686888454,5,Regular User,22,0,1,0.0005734370924599407
galihtnml_70,3.533159955427081e-17,29.74559686888454,5,Regular User,0,0,1,0.0005734370924599407
night_aftr,3.533159955427081e-17,29.74559686888454,5,Regular User,8,0,1,0.0005734370924599407
bakuljamu_91,3.533159955427081e-17,29.74559686888454,5,Regular User,1,0,1,0.0005734370924599407
ukuimarlan,3.533159955427081e-17,29.74559686888454,5,Regular User,1,0,1,0.0005734370924599407
delfistjun,3.533159955427081e-17,29.74559686888454,5,Regular User,1,0,1,0.0005734370924599407
dodo_grandw,3.533159955427081e-17,29.74559686888454,5,Regular User,1,0,1,0.0005734370924599407
dealerpolygonphoenix,3.533159955427081e-17,29.74559686888454,5,Regular User,8,0,1,0.0005734370924599407
budi85army,3.533159955427081e-17,29.74559686888454,5,Regular User,8,0,1,0.0005734370924599407
suciati7885,3.533159955427081e-17,29.74559686888454,5,Regular User,8,0,1,0.0005734370924599407
tovan.z,3.533159955427081e-17,29.74559686888454,5,Regular User,8,0,1,0.0005734370924599407
agusvanhoten,3.533159955427081e-17,29.74559686888454,5,Regular User,116,0,1,0.0005734370924599407
reinakamoon23,3.533159955427081e-17,29.74559686888454,5,Regular User,116,0,1,0.0005734370924599407
in_house_0,3.533159955427081e-17,29.74559686888454,5,Regular User,115,0,1,0.0005734370924599407
irfanmohmd,3.533159955427081e-17,29.74559686888454,5,Regular User,116,0,1,0.0005734370924599407
ikie_ramadhan,3.533159955427081e-17,29.74559686888454,5,Regular User,112,0,1,0.0005734370924599407
rian65272,3.533159955427081e-17,29.74559686888454,5,Regular User,37,0,1,0.0005734370924599407
dynemc2.0,3.533159955427081e-17,29.74559686888454,5,Regular User,115,0,1,0.0005734370924599407
gdl_fotografer,3.533159955427081e-17,29.74559686888454,5,Regular User,95,0,1,0.0005734370924599407
gilang_tjuk,3.533159955427081e-17,29.74559686888454,5,Regular User,115,0,1,0.0005734370924599407
bagas_liaa,3.533159955427081e-17,29.74559686888454,5,Regular User,37,0,1,0.0005734370924599407
febriiblink.16,3.533159955427081e-17,29.74559686888454,5,Regular User,115,0,1,0.0005734370924599407
r.o.k.y6.87,3.533159955427081e-17,29.74559686888454,5,Regular User,22,0,1,0.0005734370924599407
___santosoadb,3.533159955427081e-17,29.74559686888454,5,Regular User,22,0,1,0.0005734370924599407
along_ai,3.533159955427081e-17,29.74559686888454,5,Regular User,22,0,1,0.0005734370924599407
sger_waras,3.533159955427081e-17,29.74559686888454,5,Regular User,115,0,1,0.0005734370924599407
y_______e_______n________i,3.533159955427081e-17,29.74559686888454,5,Regular User,115,0,1,0.0005734370924599407
aditya_uki_nugroho,3.533159955427081e-17,29.74559686888454,5,Regular User,56,0,1,0.0005734370924599407
lullyaryani,3.533159955427081e-17,29.74559686888454,5,Regular User,25,0,1,0.0005734370924599407
mina85.rf,3.533159955427081e-17,29.74559686888454,5,Regular User,25,0,1,0.0005734370924599407
ikanasin_tokolima,3.533159955427081e-17,29.74559686888454,5,Regular User,25,0,1,0.0005734370924599407
mobilgeelyjakarta,3.533159955427081e-17,29.74559686888454,5,Regular User,24,0,1,0.0005734370924599407
lutfi.yossi,3.533159955427081e-17,29.74559686888454,5,Regular User,17,0,1,0.0005734370924599407
aditya_surya_mandala_putra_s,3.533159955427081e-17,29.74559686888454,5,Regular User,17,0,1,0.0005734370924599407
zakyrivano,3.533159955427081e-17,29.74559686888454,5,Regular User,67,0,1,0.0005734370924599407
sayurmayurtasik,3.533159955427081e-17,29.74559686888454,5,Regular User,115,0,1,0.0005734370924599407
itsmeaccent,3.533159955427081e-17,29.74559686888454,5,Regular User,37,0,1,0.0005734370924599407
irfansaehab_,3.533159955427081e-17,29.74559686888454,5,Regular User,37,0,1,0.0005734370924599407
miftahfarid.90,3.533159955427081e-17,29.74559686888454,5,Regular User,116,0,1,0.0005734370924599407
nhs.post,3.533159955427081e-17,29.74559686888454,5,Regular User,83,0,1,0.0005734370924599407
winman007008009,3.533159955427081e-17,29.74559686888454,5,Regular User,95,0,1,0.0005734370924599407
titisumiati,3.533159955427081e-17,29.74559686888454,5,Regular User,116,0,1,0.0005734370924599407
satyarwida,3.533159955427081e-17,29.74559686888454,5,Regular User,109,0,1,0.0005734370924599407
mama_rengganis,3.533159955427081e-17,29.74559686888454,5,Regular User,52,0,1,0.0005734370924599407
mohamadrizkyadzano,3.533159955427081e-17,29.74559686888454,5,Regular User,39,0,1,0.0005734370924599407
labuboy_696,3.533159955427081e-17,29.74559686888454,5,Regular User,37,0,1,0.0005734370924599407
vrvalent46,3.533159955427081e-17,29.74559686888454,5,Regular User,95,0,1,0.0005734370924599407
achl.ing,3.533159955427081e-17,29.74559686888454,5,Regular User,108,0,1,0.0005734370924599407
b.setyo61,3.533159955427081e-17,29.74559686888454,5,Regular User,117,0,1,0.0005734370924599407
bratayudhanamakoe,3.533159955427081e-17,29.74559686888454,5,Regular User,115,0,1,0.0005734370924599407
ahliana.co.id,3.533159955427081e-17,29.74559686888454,5,Regular User,37,0,1,0.0005734370924599407
mhr.fiqi,3.533159955427081e-17,29.74559686888454,5,Regular User,37,0,1,0.0005734370924599407
mlnaputraa,3.533159955427081e-17,29.74559686888454,5,Regular User,37,0,1,0.0005734370924599407
ninoright,3.533159955427081e-17,29.74559686888454,5,Regular User,83,0,1,0.0005734370924599407
gurlsyd,3.533159955427081e-17,29.74559686888454,5,Regular User,37,0,1,0.0005734370924599407
andy2.1042,3.533159955427081e-17,29.74559686888454,5,Regular User,40,0,1,0.0005734370924599407
aanurdin001,3.533159955427081e-17,29.74559686888454,5,Regular User,29,0,1,0.0005734370924599407
masrahman008,3.533159955427081e-17,29.74559686888454,5,Regular User,29,0,1,0.0005734370924599407
yurikaputri067,3.533159955427081e-17,29.74559686888454,5,Regular User,39,0,1,0.0005734370924599407
lennygorat,3.533159955427081e-17,29.74559686888454,5,Regular User,59,0,1,0.0005734370924599407
nickelodeon_blue,3.533159955427081e-17,29.74559686888454,5,Regular User,116,0,1,0.0005734370924599407
pahotannn,3.533159955427081e-17,29.74559686888454,5,Regular User,47,0,1,0.0005734370924599407
tri.martu,3.533159955427081e-17,29.74559686888454,5,Regular User,17,0,1,0.0005734370924599407
nutaraulin,3.533159955427081e-17,29.74559686888454,5,Regular User,17,0,1,0.0005734370924599407
ikasetyawan25,3.533159955427081e-17,29.74559686888454,5,Regular User,52,0,1,0.0005734370924599407
arta34422,3.533159955427081e-17,29.74559686888454,5,Regular User,112,0,1,0.0005734370924599407
jelly.caty,3.533159955427081e-17,29.74559686888454,5,Regular User,116,0,1,0.0005734370924599407
dadi_rahman_dr,3.533159955427081e-17,29.74559686888454,5,Regular User,83,0,1,0.0005734370924599407
yeddymulyadi,3.533159955427081e-17,29.74559686888454,5,Regular User,37,0,1,0.0005734370924599407
hafidahmadf_18,3.533159955427081e-17,29.74559686888454,5,Regular User,94,0,1,0.0005734370924599407
syukuropu,3.533159955427081e-17,29.74559686888454,5,Regular User,116,0,1,0.0005734370924599407
hairil_gaskin,3.533159955427081e-17,29.74559686888454,5,Regular User,95,0,1,0.0005734370924599407
zhyezhaa,3.533159955427081e-17,29.74559686888454,5,Regular User,83,0,1,0.0005734370924599407
khemkorner,3.533159955427081e-17,29.74559686888454,5,Regular User,95,0,1,0.0005734370924599407
rachmat.suhendro,3.533159955427081e-17,29.74559686888454,5,Regular User,95,0,1,0.0005734370924599407
adi.putra.75209,3.533159955427081e-17,29.74559686888454,5,Regular User,95,0,1,0.0005734370924599407
rsma.39,3.533159955427081e-17,29.74559686888454,5,Regular User,121,0,1,0.0005734370924599407
reinheart_damanik,3.533159955427081e-17,29.74559686888454,5,Regular User,120,0,1,0.0005734370924599407
wendah490,3.533159955427081e-17,29.74559686888454,5,Regular User,95,0,1,0.0005734370924599407
afrynugroho,3.533159955427081e-17,29.74559686888454,5,Regular User,59,0,1,0.0005734370924599407
excelsobraziliansantos,3.533159955427081e-17,29.74559686888454,5,Regular User,95,0,1,0.0005734370924599407
ceritahijrahid,3.533159955427081e-17,29.74559686888454,5,Regular User,119,0,1,0.0005734370924599407
karil_camara2,3.533159955427081e-17,29.74559686888454,5,Regular User,118,0,1,0.0005734370924599407
haniatul_mardiyah7,3.533159955427081e-17,29.74559686888454,5,Regular User,118,0,1,0.0005734370924599407
ihkam_lafiza8,3.533159955427081e-17,29.74559686888454,5,Regular User,118,0,1,0.0005734370924599407
bilqis_tsiqlah5,3.533159955427081e-17,29.74559686888454,5,Regular User,118,0,1,0.0005734370924599407
arief_wowor1,3.533159955427081e-17,29.74559686888454,5,Regular User,118,0,1,0.0005734370924599407
mazna_maziya,3.533159955427081e-17,29.74559686888454,5,Regular User,118,0,1,0.0005734370924599407
randy_suherman2,3.533159955427081e-17,29.74559686888454,5,Regular User,118,0,1,0.0005734370924599407
djonichew1071,3.533159955427081e-17,29.74559686888454,5,Regular User,94,0,1,0.0005734370924599407
ariffaozy2024,3.533159955427081e-17,29.74559686888454,5,Regular User,116,0,1,0.0005734370924599407
arsfz__,3.533159955427081e-17,29.74559686888454,5,Regular User,36,0,1,0.0005734370924599407
mal.nurlail,3.533159955427081e-17,29.74559686888454,5,Regular User,56,0,1,0.0005734370924599407
nuraini.nadia.75,3.533159955427081e-17,29.74559686888454,5,Regular User,34,0,1,0.0005734370924599407
aldieysh,3.533159955427081e-17,29.74559686888454,5,Regular User,121,0,1,0.0005734370924599407
pemberimandat,3.533159955427081e-17,29.74559686888454,5,Regular User,3,0,1,0.0005734370924599407
rsadiesha15,3.533159955427081e-17,29.74559686888454,5,Regular User,59,0,1,0.0005734370924599407
marthin080307,3.533159955427081e-17,29.74559686888454,5,Regular User,33,0,1,0.0005734370924599407
nicegift_id,3.533159955427081e-17,29.74559686888454,5,Regular User,3,0,1,0.0005734370924599407
antoni_widjaja,3.533159955427081e-17,29.74559686888454,5,Regular User,3,0,1,0.0005734370924599407
itaa_masitah19,3.533159955427081e-17,29.74559686888454,5,Regular User,33,0,1,0.0005734370924599407
officialicm,3.533159955427081e-17,29.74559686888454,5,Regular User,10,0,1,0.0005734370924599407
periklindo,3.533159955427081e-17,29.74559686888454,5,Regular User,41,0,1,0.0005734370924599407
mg.mampang_nur,3.533159955427081e-17,29.74559686888454,5,Regular User,68,0,1,0.0005734370924599407
yani_suroto,3.533159955427081e-17,29.74559686888454,5,Regular User,33,0,1,0.0005734370924599407
dennysanjayasanjaya,3.533159955427081e-17,29.74559686888454,5,Regular User,120,0,1,0.0005734370924599407
susantitine,3.533159955427081e-17,29.74559686888454,5,Regular User,55,0,1,0.0005734370924599407
wae.naim,3.533159955427081e-17,29.74559686888454,5,Regular User,116,0,1,0.0005734370924599407
grillsuki_banyuwangi,3.533159955427081e-17,29.74559686888454,5,Regular User,115,0,1,0.0005734370924599407
bint4n972,3.533159955427081e-17,29.74559686888454,5,Regular User,94,0,1,0.0005734370924599407
wongtamin,3.533159955427081e-17,29.74559686888454,5,Regular User,94,0,1,0.0005734370924599407
visyabiru_,3.533159955427081e-17,29.74559686888454,5,Regular User,21,0,1,0.0005734370924599407
sani_anami,3.533159955427081e-17,29.74559686888454,5,Regular User,118,0,1,0.0005734370924599407
rizqimulyana,3.533159955427081e-17,29.74559686888454,5,Regular User,59,0,1,0.0005734370924599407
sri_dwiii2,3.533159955427081e-17,29.74559686888454,5,Regular User,118,0,1,0.0005734370924599407
topik.sumbar24jam,3.533159955427081e-17,29.74559686888454,5,Regular User,8,0,1,0.0005734370924599407
nicosaliscii,3.533159955427081e-17,29.74559686888454,5,Regular User,37,0,1,0.0005734370924599407
ilham_m_ge8,3.533159955427081e-17,29.74559686888454,5,Regular User,56,0,1,0.0005734370924599407
hernady_fr,3.533159955427081e-17,29.74559686888454,5,Regular User,38,0,1,0.0005734370924599407
ehsan.nura,3.533159955427081e-17,29.74559686888454,5,Regular User,36,0,1,0.0005734370924599407
quen_echaa,3.533159955427081e-17,29.74559686888454,5,Regular User,37,0,1,0.0005734370924599407
jouskaaaaaa_,3.533159955427081e-17,29.74559686888454,5,Regular User,37,0,1,0.0005734370924599407
ghfrihms_,3.533159955427081e-17,29.74559686888454,5,Regular User,36,0,1,0.0005734370924599407
aelav.u,3.533159955427081e-17,29.74559686888454,5,Regular User,57,0,1,0.0005734370924599407
ilhamkaru,3.533159955427081e-17,29.74559686888454,5,Regular User,7,0,1,0.0005734370924599407
nengkarawang3,3.533159955427081e-17,29.74559686888454,5,Regular User,7,0,1,0.0005734370924599407
nandia2307,3.533159955427081e-17,29.74559686888454,5,Regular User,7,0,1,0.0005734370924599407
jendrasyaiful,3.533159955427081e-17,29.74559686888454,5,Regular User,7,0,1,0.0005734370924599407
heindrow,3.533159955427081e-17,29.74559686888454,5,Regular User,7,0,1,0.0005734370924599407
setyod2,3.533159955427081e-17,29.74559686888454,5,Regular User,7,0,1,0.0005734370924599407
agilhari.s,3.533159955427081e-17,29.74559686888454,5,Regular User,6,0,1,0.0005734370924599407
ocaaddd,3.533159955427081e-17,29.74559686888454,5,Regular User,2,0,1,0.0005734370924599407
andro7285,3.533159955427081e-17,29.74559686888454,5,Regular User,37,0,1,0.0005734370924599407
ezzadwik,3.533159955427081e-17,29.74559686888454,5,Regular User,34,0,1,0.0005734370924599407
abadiabadillah,3.533159955427081e-17,29.74559686888454,5,Regular User,33,0,1,0.0005734370924599407
pepu20___,3.533159955427081e-17,29.74559686888454,5,Regular User,34,0,1,0.0005734370924599407
kuacikering5,3.533159955427081e-17,29.74559686888454,5,Regular User,34,0,1,0.0005734370924599407
gudang.nabati,3.533159955427081e-17,29.74559686888454,5,Regular User,33,0,1,0.0005734370924599407
thedancingexplorer,3.533159955427081e-17,29.74559686888454,5,Regular User,96,0,1,0.0005734370924599407
zamzam.f,3.533159955427081e-17,29.74559686888454,5,Regular User,50,0,2,0.0005734370924599407
zifauzizuaf__,3.533159955427081e-17,29.74559686888454,5,Regular User,4,0,1,0.0005734370924599407
zain_abdul26,3.533159955427081e-17,29.74559686888454,5,Regular User,2,0,1,0.0005734370924599407
adwi.hantoro,3.533159955427081e-17,29.74559686888454,5,Regular User,3,0,1,0.0005734370924599407
anevsatriani,3.533159955427081e-17,29.74559686888454,5,Regular User,2,0,1,0.0005734370924599407
yogsjourney_,3.533159955427081e-17,29.74559686888454,5,Regular User,3,0,1,0.0005734370924599407
rayhanlexandra,3.533159955427081e-17,29.74559686888454,5,Regular User,3,0,1,0.0005734370924599407
arz_opini,3.533159955427081e-17,29.74559686888454,5,Regular User,27,0,1,0.0005734370924599407
regi_alfandi,3.533159955427081e-17,29.74559686888454,5,Regular User,26,0,1,0.0005734370924599407
hudhori.asikin,3.533159955427081e-17,29.74559686888454,5,Regular User,26,0,1,0.0005734370924599407
pandu_kurnia29,3.533159955427081e-17,29.74559686888454,5,Regular User,26,0,1,0.0005734370924599407
aguzaja01,3.533159955427081e-17,29.74559686888454,5,Regular User,25,0,1,0.0005734370924599407
ditlitka.ppidunia,3.533159955427081e-17,29.74559686888454,5,Regular User,89,0,3,0.0005734370924599407
beldocuan,3.533159955427081e-17,29.74559686888454,5,Regular User,32,0,1,0.0005734370924599407
arafatsaid765,3.533159955427081e-17,29.74559686888454,5,Regular User,93,0,1,0.0005734370924599407
aktualcom,3.533159955427081e-17,29.74559686888454,5,Regular User,58,0,1,0.0005734370924599407
odiqww,3.533159955427081e-17,29.74559686888454,5,Regular User,9,0,2,0.0005734370924599407
indonesiaterkini_id,3.533159955427081e-17,29.74559686888454,5,Regular User,33,0,1,0.0005734370924599407
legnuts,3.533159955427081e-17,29.74559686888454,5,Regular User,33,0,1,0.0005734370924599407
alvian.dawenan,3.533159955427081e-17,29.74559686888454,5,Regular User,44,0,1,0.0005734370924599407
sumartono.zia,3.533159955427081e-17,29.74559686888454,5,Regular User,14,0,1,0.0005734370924599407
gifanyslla__,3.533159955427081e-17,29.74559686888454,5,Regular User,31,0,1,0.0005734370924599407
wahyu_zetyawan29,3.533159955427081e-17,29.74559686888454,5,Regular User,30,0,1,0.0005734370924599407
pancasetyawn,3.533159955427081e-17,29.74559686888454,5,Regular User,29,0,1,0.0005734370924599407
st4r.lovz,3.533159955427081e-17,29.74559686888454,5,Regular User,77,0,1,0.0005734370924599407
redaksi_mandarnesia,3.533159955427081e-17,29.74559686888454,5,Regular User,42,0,1,0.0005734370924599407
muhandhika_eco,3.533159955427081e-17,29.74559686888454,5,Regular User,3,0,1,0.0005734370924599407
budakbader0h,3.533159955427081e-17,29.74559686888454,5,Regular User,47,0,1,0.0005734370924599407
naufalhabibi21,3.533159955427081e-17,29.74559686888454,5,Regular User,51,0,1,0.0005734370924599407
geodipaenergi.patuha,3.533159955427081e-17,29.74559686888454,5,Regular User,59,0,1,0.0005734370924599407
ryaaannv,3.533159955427081e-17,29.74559686888454,5,Regular User,46,0,1,0.0005734370924599407
rudywijaya.rw79,3.533159955427081e-17,29.74559686888454,5,Regular User,33,0,1,0.0005734370924599407
abiambunten,3.533159955427081e-17,29.74559686888454,5,Regular User,25,0,1,0.0005734370924599407
gracegunawans,3.533159955427081e-17,29.74559686888454,5,Regular User,53,0,1,0.0005734370924599407
elsofiyah,3.533159955427081e-17,29.74559686888454,5,Regular User,47,0,1,0.0005734370924599407
katakanpuput,3.533159955427081e-17,29.74559686888454,5,Regular User,47,0,1,0.0005734370924599407
abchopq,3.533159955427081e-17,29.74559686888454,5,Regular User,37,0,1,0.0005734370924599407
khris_chelsea,3.533159955427081e-17,29.74559686888454,5,Regular User,54,0,1,0.0005734370924599407
moulidfajri,3.533159955427081e-17,29.74559686888454,5,Regular User,51,0,1,0.0005734370924599407
majapahit0514,3.533159955427081e-17,29.74559686888454,5,Regular User,54,0,1,0.0005734370924599407
mahasinul_fathani,3.533159955427081e-17,29.74559686888454,5,Regular User,59,0,1,0.0005734370924599407
jhanyshopcod,3.533159955427081e-17,29.74559686888454,5,Regular User,52,0,1,0.0005734370924599407
spraspa,3.533159955427081e-17,29.74559686888454,5,Regular User,59,0,1,0.0005734370924599407
einsten_davidson,3.533159955427081e-17,29.74559686888454,5,Regular User,20,0,1,0.0005734370924599407
ryantwensley,3.533159955427081e-17,29.74559686888454,5,Regular User,3,0,1,0.0005734370924599407
meisahardika,3.533159955427081e-17,29.74559686888454,5,Regular User,3,0,1,0.0005734370924599407
tyfany_cantika,3.533159955427081e-17,29.74559686888454,5,Regular User,25,0,1,0.0005734370924599407
yudhstira.id,3.533159955427081e-17,29.74559686888454,5,Regular User,2,0,1,0.0005734370924599407
